Time Stamp,Time Zone,Fuel Category,Gen MW
09/30/2021 00:05:00,EDT,Dual Fuel,2396.0
09/30/2021 00:05:00,EDT,Natural Gas,2128.0
09/30/2021 00:05:00,EDT,Nuclear,3246.0
09/30/2021 00:05:00,EDT,Other Fossil Fuels,3.0
09/30/2021 00:05:00,EDT,Other Renewables,222.0
09/30/2021 00:05:00,EDT,Wind,176.0
09/30/2021 00:05:00,EDT,Hydro,2245.0
09/30/2021 00:10:00,EDT,Dual Fuel,2439.0
09/30/2021 00:10:00,EDT,Natural Gas,2178.0
09/30/2021 00:10:00,EDT,Nuclear,3247.0
09/30/2021 00:10:00,EDT,Other Fossil Fuels,3.0
09/30/2021 00:10:00,EDT,Other Renewables,222.0
09/30/2021 00:10:00,EDT,Wind,182.0
09/30/2021 00:10:00,EDT,Hydro,2226.0
09/30/2021 00:15:00,EDT,Dual Fuel,2351.0
09/30/2021 00:15:00,EDT,Natural Gas,2168.0
09/30/2021 00:15:00,EDT,Nuclear,3246.0
09/30/2021 00:15:00,EDT,Other Fossil Fuels,3.0
09/30/2021 00:15:00,EDT,Other Renewables,222.0
09/30/2021 00:15:00,EDT,Wind,180.0
09/30/2021 00:15:00,EDT,Hydro,2239.0
09/30/2021 00:20:00,EDT,Dual Fuel,2338.0
09/30/2021 00:20:00,EDT,Natural Gas,2122.0
09/30/2021 00:20:00,EDT,Nuclear,3245.0
09/30/2021 00:20:00,EDT,Other Fossil Fuels,3.0
09/30/2021 00:20:00,EDT,Other Renewables,217.0
09/30/2021 00:20:00,EDT,Wind,181.0
09/30/2021 00:20:00,EDT,Hydro,2242.0
09/30/2021 00:25:00,EDT,Dual Fuel,2341.0
09/30/2021 00:25:00,EDT,Natural Gas,2070.0
09/30/2021 00:25:00,EDT,Nuclear,3247.0
09/30/2021 00:25:00,EDT,Other Fossil Fuels,3.0
09/30/2021 00:25:00,EDT,Other Renewables,224.0
09/30/2021 00:25:00,EDT,Wind,176.0
09/30/2021 00:25:00,EDT,Hydro,2247.0
09/30/2021 00:30:00,EDT,Dual Fuel,2377.0
09/30/2021 00:30:00,EDT,Natural Gas,2039.0
09/30/2021 00:30:00,EDT,Nuclear,3246.0
09/30/2021 00:30:00,EDT,Other Fossil Fuels,3.0
09/30/2021 00:30:00,EDT,Other Renewables,220.0
09/30/2021 00:30:00,EDT,Wind,169.0
09/30/2021 00:30:00,EDT,Hydro,2222.0
09/30/2021 00:35:00,EDT,Dual Fuel,2368.0
09/30/2021 00:35:00,EDT,Natural Gas,2031.0
09/30/2021 00:35:00,EDT,Nuclear,3247.0
09/30/2021 00:35:00,EDT,Other Fossil Fuels,3.0
09/30/2021 00:35:00,EDT,Other Renewables,223.0
09/30/2021 00:35:00,EDT,Wind,159.0
09/30/2021 00:35:00,EDT,Hydro,2160.0
09/30/2021 00:40:00,EDT,Dual Fuel,2351.0
09/30/2021 00:40:00,EDT,Natural Gas,2031.0
09/30/2021 00:40:00,EDT,Nuclear,3245.0
09/30/2021 00:40:00,EDT,Other Fossil Fuels,3.0
09/30/2021 00:40:00,EDT,Other Renewables,227.0
09/30/2021 00:40:00,EDT,Wind,153.0
09/30/2021 00:40:00,EDT,Hydro,2137.0
09/30/2021 00:45:00,EDT,Dual Fuel,2353.0
09/30/2021 00:45:00,EDT,Natural Gas,2032.0
09/30/2021 00:45:00,EDT,Nuclear,3245.0
09/30/2021 00:45:00,EDT,Other Fossil Fuels,3.0
09/30/2021 00:45:00,EDT,Other Renewables,226.0
09/30/2021 00:45:00,EDT,Wind,151.0
09/30/2021 00:45:00,EDT,Hydro,2124.0
09/30/2021 00:50:00,EDT,Dual Fuel,2354.0
09/30/2021 00:50:00,EDT,Natural Gas,2012.0
09/30/2021 00:50:00,EDT,Nuclear,3245.0
09/30/2021 00:50:00,EDT,Other Fossil Fuels,3.0
09/30/2021 00:50:00,EDT,Other Renewables,224.0
09/30/2021 00:50:00,EDT,Wind,149.0
09/30/2021 00:50:00,EDT,Hydro,2118.0
09/30/2021 00:55:00,EDT,Dual Fuel,2331.0
09/30/2021 00:55:00,EDT,Natural Gas,1969.0
09/30/2021 00:55:00,EDT,Nuclear,3247.0
09/30/2021 00:55:00,EDT,Other Fossil Fuels,3.0
09/30/2021 00:55:00,EDT,Other Renewables,226.0
09/30/2021 00:55:00,EDT,Wind,147.0
09/30/2021 00:55:00,EDT,Hydro,2093.0
09/30/2021 01:00:00,EDT,Dual Fuel,2321.0
09/30/2021 01:00:00,EDT,Natural Gas,1934.0
09/30/2021 01:00:00,EDT,Nuclear,3249.0
09/30/2021 01:00:00,EDT,Other Fossil Fuels,3.0
09/30/2021 01:00:00,EDT,Other Renewables,226.0
09/30/2021 01:00:00,EDT,Wind,153.0
09/30/2021 01:00:00,EDT,Hydro,2077.0
09/30/2021 01:05:00,EDT,Dual Fuel,2287.0
09/30/2021 01:05:00,EDT,Natural Gas,1911.0
09/30/2021 01:05:00,EDT,Nuclear,3247.0
09/30/2021 01:05:00,EDT,Other Fossil Fuels,3.0
09/30/2021 01:05:00,EDT,Other Renewables,224.0
09/30/2021 01:05:00,EDT,Wind,151.0
09/30/2021 01:05:00,EDT,Hydro,2105.0
09/30/2021 01:10:00,EDT,Dual Fuel,2230.0
09/30/2021 01:10:00,EDT,Natural Gas,1911.0
09/30/2021 01:10:00,EDT,Nuclear,3247.0
09/30/2021 01:10:00,EDT,Other Fossil Fuels,3.0
09/30/2021 01:10:00,EDT,Other Renewables,223.0
09/30/2021 01:10:00,EDT,Wind,147.0
09/30/2021 01:10:00,EDT,Hydro,2139.0
09/30/2021 01:15:00,EDT,Dual Fuel,2222.0
09/30/2021 01:15:00,EDT,Natural Gas,1910.0
09/30/2021 01:15:00,EDT,Nuclear,3247.0
09/30/2021 01:15:00,EDT,Other Fossil Fuels,3.0
09/30/2021 01:15:00,EDT,Other Renewables,222.0
09/30/2021 01:15:00,EDT,Wind,146.0
09/30/2021 01:15:00,EDT,Hydro,2136.0
09/30/2021 01:20:00,EDT,Dual Fuel,2206.0
09/30/2021 01:20:00,EDT,Natural Gas,1909.0
09/30/2021 01:20:00,EDT,Nuclear,3248.0
09/30/2021 01:20:00,EDT,Other Fossil Fuels,3.0
09/30/2021 01:20:00,EDT,Other Renewables,222.0
09/30/2021 01:20:00,EDT,Wind,145.0
09/30/2021 01:20:00,EDT,Hydro,2095.0
09/30/2021 01:25:00,EDT,Dual Fuel,2172.0
09/30/2021 01:25:00,EDT,Natural Gas,1910.0
09/30/2021 01:25:00,EDT,Nuclear,3249.0
09/30/2021 01:25:00,EDT,Other Fossil Fuels,3.0
09/30/2021 01:25:00,EDT,Other Renewables,226.0
09/30/2021 01:25:00,EDT,Wind,145.0
09/30/2021 01:25:00,EDT,Hydro,2117.0
09/30/2021 01:30:00,EDT,Dual Fuel,2154.0
09/30/2021 01:30:00,EDT,Natural Gas,1910.0
09/30/2021 01:30:00,EDT,Nuclear,3245.0
09/30/2021 01:30:00,EDT,Other Fossil Fuels,3.0
09/30/2021 01:30:00,EDT,Other Renewables,225.0
09/30/2021 01:30:00,EDT,Wind,143.0
09/30/2021 01:30:00,EDT,Hydro,2103.0
09/30/2021 01:35:00,EDT,Dual Fuel,2139.0
09/30/2021 01:35:00,EDT,Natural Gas,1907.0
09/30/2021 01:35:00,EDT,Nuclear,3247.0
09/30/2021 01:35:00,EDT,Other Fossil Fuels,3.0
09/30/2021 01:35:00,EDT,Other Renewables,227.0
09/30/2021 01:35:00,EDT,Wind,143.0
09/30/2021 01:35:00,EDT,Hydro,2097.0
09/30/2021 01:40:00,EDT,Dual Fuel,2133.0
09/30/2021 01:40:00,EDT,Natural Gas,1916.0
09/30/2021 01:40:00,EDT,Nuclear,3246.0
09/30/2021 01:40:00,EDT,Other Fossil Fuels,3.0
09/30/2021 01:40:00,EDT,Other Renewables,226.0
09/30/2021 01:40:00,EDT,Wind,146.0
09/30/2021 01:40:00,EDT,Hydro,2095.0
09/30/2021 01:45:00,EDT,Dual Fuel,2129.0
09/30/2021 01:45:00,EDT,Natural Gas,1952.0
09/30/2021 01:45:00,EDT,Nuclear,3246.0
09/30/2021 01:45:00,EDT,Other Fossil Fuels,3.0
09/30/2021 01:45:00,EDT,Other Renewables,227.0
09/30/2021 01:45:00,EDT,Wind,142.0
09/30/2021 01:45:00,EDT,Hydro,2027.0
09/30/2021 01:50:00,EDT,Dual Fuel,2129.0
09/30/2021 01:50:00,EDT,Natural Gas,1980.0
09/30/2021 01:50:00,EDT,Nuclear,3246.0
09/30/2021 01:50:00,EDT,Other Fossil Fuels,3.0
09/30/2021 01:50:00,EDT,Other Renewables,227.0
09/30/2021 01:50:00,EDT,Wind,138.0
09/30/2021 01:50:00,EDT,Hydro,1981.0
09/30/2021 01:55:00,EDT,Dual Fuel,2132.0
09/30/2021 01:55:00,EDT,Natural Gas,1967.0
09/30/2021 01:55:00,EDT,Nuclear,3245.0
09/30/2021 01:55:00,EDT,Other Fossil Fuels,3.0
09/30/2021 01:55:00,EDT,Other Renewables,226.0
09/30/2021 01:55:00,EDT,Wind,127.0
09/30/2021 01:55:00,EDT,Hydro,1955.0
09/30/2021 02:00:00,EDT,Dual Fuel,2125.0
09/30/2021 02:00:00,EDT,Natural Gas,1908.0
09/30/2021 02:00:00,EDT,Nuclear,3248.0
09/30/2021 02:00:00,EDT,Other Fossil Fuels,3.0
09/30/2021 02:00:00,EDT,Other Renewables,225.0
09/30/2021 02:00:00,EDT,Wind,118.0
09/30/2021 02:00:00,EDT,Hydro,1990.0
09/30/2021 02:05:00,EDT,Dual Fuel,2076.0
09/30/2021 02:05:00,EDT,Natural Gas,1861.0
09/30/2021 02:05:00,EDT,Nuclear,3245.0
09/30/2021 02:05:00,EDT,Other Fossil Fuels,3.0
09/30/2021 02:05:00,EDT,Other Renewables,224.0
09/30/2021 02:05:00,EDT,Wind,115.0
09/30/2021 02:05:00,EDT,Hydro,2049.0
09/30/2021 02:10:00,EDT,Dual Fuel,2004.0
09/30/2021 02:10:00,EDT,Natural Gas,1819.0
09/30/2021 02:10:00,EDT,Nuclear,3247.0
09/30/2021 02:10:00,EDT,Other Fossil Fuels,3.0
09/30/2021 02:10:00,EDT,Other Renewables,226.0
09/30/2021 02:10:00,EDT,Wind,116.0
09/30/2021 02:10:00,EDT,Hydro,2084.0
09/30/2021 02:15:00,EDT,Dual Fuel,1988.0
09/30/2021 02:15:00,EDT,Natural Gas,1798.0
09/30/2021 02:15:00,EDT,Nuclear,3247.0
09/30/2021 02:15:00,EDT,Other Fossil Fuels,3.0
09/30/2021 02:15:00,EDT,Other Renewables,226.0
09/30/2021 02:15:00,EDT,Wind,121.0
09/30/2021 02:15:00,EDT,Hydro,2097.0
09/30/2021 02:20:00,EDT,Dual Fuel,2032.0
09/30/2021 02:20:00,EDT,Natural Gas,1783.0
09/30/2021 02:20:00,EDT,Nuclear,3248.0
09/30/2021 02:20:00,EDT,Other Fossil Fuels,3.0
09/30/2021 02:20:00,EDT,Other Renewables,226.0
09/30/2021 02:20:00,EDT,Wind,124.0
09/30/2021 02:20:00,EDT,Hydro,2028.0
09/30/2021 02:25:00,EDT,Dual Fuel,2000.0
09/30/2021 02:25:00,EDT,Natural Gas,1753.0
09/30/2021 02:25:00,EDT,Nuclear,3247.0
09/30/2021 02:25:00,EDT,Other Fossil Fuels,3.0
09/30/2021 02:25:00,EDT,Other Renewables,224.0
09/30/2021 02:25:00,EDT,Wind,130.0
09/30/2021 02:25:00,EDT,Hydro,2057.0
09/30/2021 02:30:00,EDT,Dual Fuel,1952.0
09/30/2021 02:30:00,EDT,Natural Gas,1729.0
09/30/2021 02:30:00,EDT,Nuclear,3248.0
09/30/2021 02:30:00,EDT,Other Fossil Fuels,3.0
09/30/2021 02:30:00,EDT,Other Renewables,227.0
09/30/2021 02:30:00,EDT,Wind,126.0
09/30/2021 02:30:00,EDT,Hydro,2071.0
09/30/2021 02:35:00,EDT,Dual Fuel,1934.0
09/30/2021 02:35:00,EDT,Natural Gas,1728.0
09/30/2021 02:35:00,EDT,Nuclear,3249.0
09/30/2021 02:35:00,EDT,Other Fossil Fuels,3.0
09/30/2021 02:35:00,EDT,Other Renewables,226.0
09/30/2021 02:35:00,EDT,Wind,118.0
09/30/2021 02:35:00,EDT,Hydro,2104.0
09/30/2021 02:40:00,EDT,Dual Fuel,1982.0
09/30/2021 02:40:00,EDT,Natural Gas,1758.0
09/30/2021 02:40:00,EDT,Nuclear,3247.0
09/30/2021 02:40:00,EDT,Other Fossil Fuels,3.0
09/30/2021 02:40:00,EDT,Other Renewables,226.0
09/30/2021 02:40:00,EDT,Wind,107.0
09/30/2021 02:40:00,EDT,Hydro,2125.0
09/30/2021 02:45:00,EDT,Dual Fuel,1976.0
09/30/2021 02:45:00,EDT,Natural Gas,1787.0
09/30/2021 02:45:00,EDT,Nuclear,3249.0
09/30/2021 02:45:00,EDT,Other Fossil Fuels,3.0
09/30/2021 02:45:00,EDT,Other Renewables,226.0
09/30/2021 02:45:00,EDT,Wind,102.0
09/30/2021 02:45:00,EDT,Hydro,2120.0
09/30/2021 02:50:00,EDT,Dual Fuel,2001.0
09/30/2021 02:50:00,EDT,Natural Gas,1800.0
09/30/2021 02:50:00,EDT,Nuclear,3247.0
09/30/2021 02:50:00,EDT,Other Fossil Fuels,3.0
09/30/2021 02:50:00,EDT,Other Renewables,222.0
09/30/2021 02:50:00,EDT,Wind,92.0
09/30/2021 02:50:00,EDT,Hydro,2111.0
09/30/2021 02:55:00,EDT,Dual Fuel,2028.0
09/30/2021 02:55:00,EDT,Natural Gas,1807.0
09/30/2021 02:55:00,EDT,Nuclear,3249.0
09/30/2021 02:55:00,EDT,Other Fossil Fuels,3.0
09/30/2021 02:55:00,EDT,Other Renewables,222.0
09/30/2021 02:55:00,EDT,Wind,85.0
09/30/2021 02:55:00,EDT,Hydro,2127.0
09/30/2021 03:00:00,EDT,Dual Fuel,2010.0
09/30/2021 03:00:00,EDT,Natural Gas,1836.0
09/30/2021 03:00:00,EDT,Nuclear,3248.0
09/30/2021 03:00:00,EDT,Other Fossil Fuels,3.0
09/30/2021 03:00:00,EDT,Other Renewables,221.0
09/30/2021 03:00:00,EDT,Wind,83.0
09/30/2021 03:00:00,EDT,Hydro,2104.0
09/30/2021 03:05:00,EDT,Dual Fuel,2022.0
09/30/2021 03:05:00,EDT,Natural Gas,1840.0
09/30/2021 03:05:00,EDT,Nuclear,3248.0
09/30/2021 03:05:00,EDT,Other Fossil Fuels,3.0
09/30/2021 03:05:00,EDT,Other Renewables,222.0
09/30/2021 03:05:00,EDT,Wind,76.0
09/30/2021 03:05:00,EDT,Hydro,2088.0
09/30/2021 03:10:00,EDT,Dual Fuel,1964.0
09/30/2021 03:10:00,EDT,Natural Gas,1834.0
09/30/2021 03:10:00,EDT,Nuclear,3247.0
09/30/2021 03:10:00,EDT,Other Fossil Fuels,3.0
09/30/2021 03:10:00,EDT,Other Renewables,223.0
09/30/2021 03:10:00,EDT,Wind,68.0
09/30/2021 03:10:00,EDT,Hydro,2067.0
09/30/2021 03:15:00,EDT,Dual Fuel,1947.0
09/30/2021 03:15:00,EDT,Natural Gas,1856.0
09/30/2021 03:15:00,EDT,Nuclear,3248.0
09/30/2021 03:15:00,EDT,Other Fossil Fuels,3.0
09/30/2021 03:15:00,EDT,Other Renewables,221.0
09/30/2021 03:15:00,EDT,Wind,64.0
09/30/2021 03:15:00,EDT,Hydro,2033.0
09/30/2021 03:20:00,EDT,Dual Fuel,1940.0
09/30/2021 03:20:00,EDT,Natural Gas,1861.0
09/30/2021 03:20:00,EDT,Nuclear,3247.0
09/30/2021 03:20:00,EDT,Other Fossil Fuels,3.0
09/30/2021 03:20:00,EDT,Other Renewables,222.0
09/30/2021 03:20:00,EDT,Wind,59.0
09/30/2021 03:20:00,EDT,Hydro,2022.0
09/30/2021 03:25:00,EDT,Dual Fuel,1931.0
09/30/2021 03:25:00,EDT,Natural Gas,1844.0
09/30/2021 03:25:00,EDT,Nuclear,3245.0
09/30/2021 03:25:00,EDT,Other Fossil Fuels,3.0
09/30/2021 03:25:00,EDT,Other Renewables,225.0
09/30/2021 03:25:00,EDT,Wind,56.0
09/30/2021 03:25:00,EDT,Hydro,2014.0
09/30/2021 03:30:00,EDT,Dual Fuel,1847.0
09/30/2021 03:30:00,EDT,Natural Gas,1841.0
09/30/2021 03:30:00,EDT,Nuclear,3246.0
09/30/2021 03:30:00,EDT,Other Fossil Fuels,3.0
09/30/2021 03:30:00,EDT,Other Renewables,225.0
09/30/2021 03:30:00,EDT,Wind,53.0
09/30/2021 03:30:00,EDT,Hydro,2022.0
09/30/2021 03:35:00,EDT,Dual Fuel,1831.0
09/30/2021 03:35:00,EDT,Natural Gas,1853.0
09/30/2021 03:35:00,EDT,Nuclear,3245.0
09/30/2021 03:35:00,EDT,Other Fossil Fuels,3.0
09/30/2021 03:35:00,EDT,Other Renewables,226.0
09/30/2021 03:35:00,EDT,Wind,51.0
09/30/2021 03:35:00,EDT,Hydro,1990.0
09/30/2021 03:40:00,EDT,Dual Fuel,1856.0
09/30/2021 03:40:00,EDT,Natural Gas,1832.0
09/30/2021 03:40:00,EDT,Nuclear,3246.0
09/30/2021 03:40:00,EDT,Other Fossil Fuels,3.0
09/30/2021 03:40:00,EDT,Other Renewables,226.0
09/30/2021 03:40:00,EDT,Wind,51.0
09/30/2021 03:40:00,EDT,Hydro,2013.0
09/30/2021 03:45:00,EDT,Dual Fuel,1893.0
09/30/2021 03:45:00,EDT,Natural Gas,1809.0
09/30/2021 03:45:00,EDT,Nuclear,3244.0
09/30/2021 03:45:00,EDT,Other Fossil Fuels,3.0
09/30/2021 03:45:00,EDT,Other Renewables,225.0
09/30/2021 03:45:00,EDT,Wind,53.0
09/30/2021 03:45:00,EDT,Hydro,2063.0
09/30/2021 03:50:00,EDT,Dual Fuel,1871.0
09/30/2021 03:50:00,EDT,Natural Gas,1799.0
09/30/2021 03:50:00,EDT,Nuclear,3245.0
09/30/2021 03:50:00,EDT,Other Fossil Fuels,3.0
09/30/2021 03:50:00,EDT,Other Renewables,226.0
09/30/2021 03:50:00,EDT,Wind,49.0
09/30/2021 03:50:00,EDT,Hydro,2061.0
09/30/2021 03:55:00,EDT,Dual Fuel,1800.0
09/30/2021 03:55:00,EDT,Natural Gas,1854.0
09/30/2021 03:55:00,EDT,Nuclear,3248.0
09/30/2021 03:55:00,EDT,Other Fossil Fuels,3.0
09/30/2021 03:55:00,EDT,Other Renewables,226.0
09/30/2021 03:55:00,EDT,Wind,50.0
09/30/2021 03:55:00,EDT,Hydro,2051.0
09/30/2021 04:00:00,EDT,Dual Fuel,1730.0
09/30/2021 04:00:00,EDT,Natural Gas,1951.0
09/30/2021 04:00:00,EDT,Nuclear,3247.0
09/30/2021 04:00:00,EDT,Other Fossil Fuels,3.0
09/30/2021 04:00:00,EDT,Other Renewables,224.0
09/30/2021 04:00:00,EDT,Wind,51.0
09/30/2021 04:00:00,EDT,Hydro,2009.0
09/30/2021 04:05:00,EDT,Dual Fuel,1727.0
09/30/2021 04:05:00,EDT,Natural Gas,2010.0
09/30/2021 04:05:00,EDT,Nuclear,3246.0
09/30/2021 04:05:00,EDT,Other Fossil Fuels,3.0
09/30/2021 04:05:00,EDT,Other Renewables,224.0
09/30/2021 04:05:00,EDT,Wind,49.0
09/30/2021 04:05:00,EDT,Hydro,2009.0
09/30/2021 04:10:00,EDT,Dual Fuel,1739.0
09/30/2021 04:10:00,EDT,Natural Gas,2031.0
09/30/2021 04:10:00,EDT,Nuclear,3245.0
09/30/2021 04:10:00,EDT,Other Fossil Fuels,3.0
09/30/2021 04:10:00,EDT,Other Renewables,229.0
09/30/2021 04:10:00,EDT,Wind,51.0
09/30/2021 04:10:00,EDT,Hydro,1987.0
09/30/2021 04:15:00,EDT,Dual Fuel,1775.0
09/30/2021 04:15:00,EDT,Natural Gas,2024.0
09/30/2021 04:15:00,EDT,Nuclear,3245.0
09/30/2021 04:15:00,EDT,Other Fossil Fuels,3.0
09/30/2021 04:15:00,EDT,Other Renewables,229.0
09/30/2021 04:15:00,EDT,Wind,49.0
09/30/2021 04:15:00,EDT,Hydro,2005.0
09/30/2021 04:20:00,EDT,Dual Fuel,1782.0
09/30/2021 04:20:00,EDT,Natural Gas,2018.0
09/30/2021 04:20:00,EDT,Nuclear,3244.0
09/30/2021 04:20:00,EDT,Other Fossil Fuels,3.0
09/30/2021 04:20:00,EDT,Other Renewables,227.0
09/30/2021 04:20:00,EDT,Wind,50.0
09/30/2021 04:20:00,EDT,Hydro,2089.0
09/30/2021 04:25:00,EDT,Dual Fuel,1783.0
09/30/2021 04:25:00,EDT,Natural Gas,2005.0
09/30/2021 04:25:00,EDT,Nuclear,3246.0
09/30/2021 04:25:00,EDT,Other Fossil Fuels,3.0
09/30/2021 04:25:00,EDT,Other Renewables,226.0
09/30/2021 04:25:00,EDT,Wind,53.0
09/30/2021 04:25:00,EDT,Hydro,2031.0
09/30/2021 04:30:00,EDT,Dual Fuel,1798.0
09/30/2021 04:30:00,EDT,Natural Gas,2016.0
09/30/2021 04:30:00,EDT,Nuclear,3245.0
09/30/2021 04:30:00,EDT,Other Fossil Fuels,3.0
09/30/2021 04:30:00,EDT,Other Renewables,227.0
09/30/2021 04:30:00,EDT,Wind,53.0
09/30/2021 04:30:00,EDT,Hydro,2013.0
09/30/2021 04:35:00,EDT,Dual Fuel,1786.0
09/30/2021 04:35:00,EDT,Natural Gas,2057.0
09/30/2021 04:35:00,EDT,Nuclear,3247.0
09/30/2021 04:35:00,EDT,Other Fossil Fuels,3.0
09/30/2021 04:35:00,EDT,Other Renewables,225.0
09/30/2021 04:35:00,EDT,Wind,45.0
09/30/2021 04:35:00,EDT,Hydro,2047.0
09/30/2021 04:40:00,EDT,Dual Fuel,1774.0
09/30/2021 04:40:00,EDT,Natural Gas,2102.0
09/30/2021 04:40:00,EDT,Nuclear,3246.0
09/30/2021 04:40:00,EDT,Other Fossil Fuels,3.0
09/30/2021 04:40:00,EDT,Other Renewables,225.0
09/30/2021 04:40:00,EDT,Wind,43.0
09/30/2021 04:40:00,EDT,Hydro,1987.0
09/30/2021 04:45:00,EDT,Dual Fuel,1858.0
09/30/2021 04:45:00,EDT,Natural Gas,2080.0
09/30/2021 04:45:00,EDT,Nuclear,3246.0
09/30/2021 04:45:00,EDT,Other Fossil Fuels,3.0
09/30/2021 04:45:00,EDT,Other Renewables,227.0
09/30/2021 04:45:00,EDT,Wind,47.0
09/30/2021 04:45:00,EDT,Hydro,2044.0
09/30/2021 04:50:00,EDT,Dual Fuel,1975.0
09/30/2021 04:50:00,EDT,Natural Gas,2107.0
09/30/2021 04:50:00,EDT,Nuclear,3246.0
09/30/2021 04:50:00,EDT,Other Fossil Fuels,3.0
09/30/2021 04:50:00,EDT,Other Renewables,228.0
09/30/2021 04:50:00,EDT,Wind,48.0
09/30/2021 04:50:00,EDT,Hydro,2041.0
09/30/2021 04:55:00,EDT,Dual Fuel,2062.0
09/30/2021 04:55:00,EDT,Natural Gas,2129.0
09/30/2021 04:55:00,EDT,Nuclear,3246.0
09/30/2021 04:55:00,EDT,Other Fossil Fuels,3.0
09/30/2021 04:55:00,EDT,Other Renewables,224.0
09/30/2021 04:55:00,EDT,Wind,48.0
09/30/2021 04:55:00,EDT,Hydro,2021.0
09/30/2021 05:00:00,EDT,Dual Fuel,2071.0
09/30/2021 05:00:00,EDT,Natural Gas,2185.0
09/30/2021 05:00:00,EDT,Nuclear,3246.0
09/30/2021 05:00:00,EDT,Other Fossil Fuels,3.0
09/30/2021 05:00:00,EDT,Other Renewables,226.0
09/30/2021 05:00:00,EDT,Wind,46.0
09/30/2021 05:00:00,EDT,Hydro,2004.0
09/30/2021 05:05:00,EDT,Dual Fuel,2085.0
09/30/2021 05:05:00,EDT,Natural Gas,2246.0
09/30/2021 05:05:00,EDT,Nuclear,3247.0
09/30/2021 05:05:00,EDT,Other Fossil Fuels,3.0
09/30/2021 05:05:00,EDT,Other Renewables,225.0
09/30/2021 05:05:00,EDT,Wind,43.0
09/30/2021 05:05:00,EDT,Hydro,2007.0
09/30/2021 05:10:00,EDT,Dual Fuel,2131.0
09/30/2021 05:10:00,EDT,Natural Gas,2337.0
09/30/2021 05:10:00,EDT,Nuclear,3247.0
09/30/2021 05:10:00,EDT,Other Fossil Fuels,3.0
09/30/2021 05:10:00,EDT,Other Renewables,222.0
09/30/2021 05:10:00,EDT,Wind,42.0
09/30/2021 05:10:00,EDT,Hydro,2029.0
09/30/2021 05:15:00,EDT,Dual Fuel,2131.0
09/30/2021 05:15:00,EDT,Natural Gas,2361.0
09/30/2021 05:15:00,EDT,Nuclear,3246.0
09/30/2021 05:15:00,EDT,Other Fossil Fuels,3.0
09/30/2021 05:15:00,EDT,Other Renewables,221.0
09/30/2021 05:15:00,EDT,Wind,43.0
09/30/2021 05:15:00,EDT,Hydro,2029.0
09/30/2021 05:20:00,EDT,Dual Fuel,2095.0
09/30/2021 05:20:00,EDT,Natural Gas,2325.0
09/30/2021 05:20:00,EDT,Nuclear,3247.0
09/30/2021 05:20:00,EDT,Other Fossil Fuels,3.0
09/30/2021 05:20:00,EDT,Other Renewables,227.0
09/30/2021 05:20:00,EDT,Wind,45.0
09/30/2021 05:20:00,EDT,Hydro,2025.0
09/30/2021 05:25:00,EDT,Dual Fuel,2098.0
09/30/2021 05:25:00,EDT,Natural Gas,2281.0
09/30/2021 05:25:00,EDT,Nuclear,3246.0
09/30/2021 05:25:00,EDT,Other Fossil Fuels,3.0
09/30/2021 05:25:00,EDT,Other Renewables,226.0
09/30/2021 05:25:00,EDT,Wind,50.0
09/30/2021 05:25:00,EDT,Hydro,2012.0
09/30/2021 05:30:00,EDT,Dual Fuel,2137.0
09/30/2021 05:30:00,EDT,Natural Gas,2304.0
09/30/2021 05:30:00,EDT,Nuclear,3247.0
09/30/2021 05:30:00,EDT,Other Fossil Fuels,3.0
09/30/2021 05:30:00,EDT,Other Renewables,224.0
09/30/2021 05:30:00,EDT,Wind,56.0
09/30/2021 05:30:00,EDT,Hydro,2037.0
09/30/2021 05:35:00,EDT,Dual Fuel,2100.0
09/30/2021 05:35:00,EDT,Natural Gas,2352.0
09/30/2021 05:35:00,EDT,Nuclear,3244.0
09/30/2021 05:35:00,EDT,Other Fossil Fuels,3.0
09/30/2021 05:35:00,EDT,Other Renewables,224.0
09/30/2021 05:35:00,EDT,Wind,61.0
09/30/2021 05:35:00,EDT,Hydro,2030.0
09/30/2021 05:40:00,EDT,Dual Fuel,2054.0
09/30/2021 05:40:00,EDT,Natural Gas,2440.0
09/30/2021 05:40:00,EDT,Nuclear,3246.0
09/30/2021 05:40:00,EDT,Other Fossil Fuels,3.0
09/30/2021 05:40:00,EDT,Other Renewables,224.0
09/30/2021 05:40:00,EDT,Wind,64.0
09/30/2021 05:40:00,EDT,Hydro,2030.0
09/30/2021 05:45:00,EDT,Dual Fuel,1975.0
09/30/2021 05:45:00,EDT,Natural Gas,2564.0
09/30/2021 05:45:00,EDT,Nuclear,3245.0
09/30/2021 05:45:00,EDT,Other Fossil Fuels,3.0
09/30/2021 05:45:00,EDT,Other Renewables,223.0
09/30/2021 05:45:00,EDT,Wind,67.0
09/30/2021 05:45:00,EDT,Hydro,2004.0
09/30/2021 05:50:00,EDT,Dual Fuel,2005.0
09/30/2021 05:50:00,EDT,Natural Gas,2703.0
09/30/2021 05:50:00,EDT,Nuclear,3248.0
09/30/2021 05:50:00,EDT,Other Fossil Fuels,3.0
09/30/2021 05:50:00,EDT,Other Renewables,222.0
09/30/2021 05:50:00,EDT,Wind,71.0
09/30/2021 05:50:00,EDT,Hydro,2053.0
09/30/2021 05:55:00,EDT,Dual Fuel,2098.0
09/30/2021 05:55:00,EDT,Natural Gas,2764.0
09/30/2021 05:55:00,EDT,Nuclear,3247.0
09/30/2021 05:55:00,EDT,Other Fossil Fuels,3.0
09/30/2021 05:55:00,EDT,Other Renewables,221.0
09/30/2021 05:55:00,EDT,Wind,68.0
09/30/2021 05:55:00,EDT,Hydro,2098.0
09/30/2021 06:00:00,EDT,Dual Fuel,2018.0
09/30/2021 06:00:00,EDT,Natural Gas,2739.0
09/30/2021 06:00:00,EDT,Nuclear,3248.0
09/30/2021 06:00:00,EDT,Other Fossil Fuels,3.0
09/30/2021 06:00:00,EDT,Other Renewables,219.0
09/30/2021 06:00:00,EDT,Wind,70.0
09/30/2021 06:00:00,EDT,Hydro,2182.0
09/30/2021 06:05:00,EDT,Dual Fuel,1865.0
09/30/2021 06:05:00,EDT,Natural Gas,2712.0
09/30/2021 06:05:00,EDT,Nuclear,3248.0
09/30/2021 06:05:00,EDT,Other Fossil Fuels,3.0
09/30/2021 06:05:00,EDT,Other Renewables,217.0
09/30/2021 06:05:00,EDT,Wind,73.0
09/30/2021 06:05:00,EDT,Hydro,2238.0
09/30/2021 06:10:00,EDT,Dual Fuel,1827.0
09/30/2021 06:10:00,EDT,Natural Gas,2844.0
09/30/2021 06:10:00,EDT,Nuclear,3245.0
09/30/2021 06:10:00,EDT,Other Fossil Fuels,3.0
09/30/2021 06:10:00,EDT,Other Renewables,221.0
09/30/2021 06:10:00,EDT,Wind,74.0
09/30/2021 06:10:00,EDT,Hydro,2269.0
09/30/2021 06:15:00,EDT,Dual Fuel,1837.0
09/30/2021 06:15:00,EDT,Natural Gas,2910.0
09/30/2021 06:15:00,EDT,Nuclear,3247.0
09/30/2021 06:15:00,EDT,Other Fossil Fuels,3.0
09/30/2021 06:15:00,EDT,Other Renewables,220.0
09/30/2021 06:15:00,EDT,Wind,77.0
09/30/2021 06:15:00,EDT,Hydro,2350.0
09/30/2021 06:20:00,EDT,Dual Fuel,1897.0
09/30/2021 06:20:00,EDT,Natural Gas,2940.0
09/30/2021 06:20:00,EDT,Nuclear,3246.0
09/30/2021 06:20:00,EDT,Other Fossil Fuels,3.0
09/30/2021 06:20:00,EDT,Other Renewables,221.0
09/30/2021 06:20:00,EDT,Wind,76.0
09/30/2021 06:20:00,EDT,Hydro,2384.0
09/30/2021 06:25:00,EDT,Dual Fuel,2008.0
09/30/2021 06:25:00,EDT,Natural Gas,2982.0
09/30/2021 06:25:00,EDT,Nuclear,3247.0
09/30/2021 06:25:00,EDT,Other Fossil Fuels,3.0
09/30/2021 06:25:00,EDT,Other Renewables,221.0
09/30/2021 06:25:00,EDT,Wind,75.0
09/30/2021 06:25:00,EDT,Hydro,2334.0
09/30/2021 06:30:00,EDT,Dual Fuel,2085.0
09/30/2021 06:30:00,EDT,Natural Gas,2958.0
09/30/2021 06:30:00,EDT,Nuclear,3245.0
09/30/2021 06:30:00,EDT,Other Fossil Fuels,3.0
09/30/2021 06:30:00,EDT,Other Renewables,223.0
09/30/2021 06:30:00,EDT,Wind,76.0
09/30/2021 06:30:00,EDT,Hydro,2403.0
09/30/2021 06:35:00,EDT,Dual Fuel,2128.0
09/30/2021 06:35:00,EDT,Natural Gas,2875.0
09/30/2021 06:35:00,EDT,Nuclear,3248.0
09/30/2021 06:35:00,EDT,Other Fossil Fuels,3.0
09/30/2021 06:35:00,EDT,Other Renewables,221.0
09/30/2021 06:35:00,EDT,Wind,76.0
09/30/2021 06:35:00,EDT,Hydro,2492.0
09/30/2021 06:40:00,EDT,Dual Fuel,2144.0
09/30/2021 06:40:00,EDT,Natural Gas,2887.0
09/30/2021 06:40:00,EDT,Nuclear,3246.0
09/30/2021 06:40:00,EDT,Other Fossil Fuels,3.0
09/30/2021 06:40:00,EDT,Other Renewables,218.0
09/30/2021 06:40:00,EDT,Wind,71.0
09/30/2021 06:40:00,EDT,Hydro,2513.0
09/30/2021 06:45:00,EDT,Dual Fuel,2159.0
09/30/2021 06:45:00,EDT,Natural Gas,2917.0
09/30/2021 06:45:00,EDT,Nuclear,3246.0
09/30/2021 06:45:00,EDT,Other Fossil Fuels,3.0
09/30/2021 06:45:00,EDT,Other Renewables,219.0
09/30/2021 06:45:00,EDT,Wind,67.0
09/30/2021 06:45:00,EDT,Hydro,2546.0
09/30/2021 06:50:00,EDT,Dual Fuel,2162.0
09/30/2021 06:50:00,EDT,Natural Gas,2916.0
09/30/2021 06:50:00,EDT,Nuclear,3248.0
09/30/2021 06:50:00,EDT,Other Fossil Fuels,3.0
09/30/2021 06:50:00,EDT,Other Renewables,222.0
09/30/2021 06:50:00,EDT,Wind,63.0
09/30/2021 06:50:00,EDT,Hydro,2604.0
09/30/2021 06:55:00,EDT,Dual Fuel,2167.0
09/30/2021 06:55:00,EDT,Natural Gas,2971.0
09/30/2021 06:55:00,EDT,Nuclear,3248.0
09/30/2021 06:55:00,EDT,Other Fossil Fuels,3.0
09/30/2021 06:55:00,EDT,Other Renewables,220.0
09/30/2021 06:55:00,EDT,Wind,65.0
09/30/2021 06:55:00,EDT,Hydro,2573.0
09/30/2021 07:00:00,EDT,Dual Fuel,2233.0
09/30/2021 07:00:00,EDT,Natural Gas,3010.0
09/30/2021 07:00:00,EDT,Nuclear,3250.0
09/30/2021 07:00:00,EDT,Other Fossil Fuels,3.0
09/30/2021 07:00:00,EDT,Other Renewables,220.0
09/30/2021 07:00:00,EDT,Wind,62.0
09/30/2021 07:00:00,EDT,Hydro,2556.0
09/30/2021 07:05:00,EDT,Dual Fuel,2387.0
09/30/2021 07:05:00,EDT,Natural Gas,3066.0
09/30/2021 07:05:00,EDT,Nuclear,3247.0
09/30/2021 07:05:00,EDT,Other Fossil Fuels,3.0
09/30/2021 07:05:00,EDT,Other Renewables,224.0
09/30/2021 07:05:00,EDT,Wind,62.0
09/30/2021 07:05:00,EDT,Hydro,2601.0
09/30/2021 07:10:00,EDT,Dual Fuel,2454.0
09/30/2021 07:10:00,EDT,Natural Gas,3123.0
09/30/2021 07:10:00,EDT,Nuclear,3245.0
09/30/2021 07:10:00,EDT,Other Fossil Fuels,3.0
09/30/2021 07:10:00,EDT,Other Renewables,224.0
09/30/2021 07:10:00,EDT,Wind,64.0
09/30/2021 07:10:00,EDT,Hydro,2760.0
09/30/2021 07:15:00,EDT,Dual Fuel,2532.0
09/30/2021 07:15:00,EDT,Natural Gas,3128.0
09/30/2021 07:15:00,EDT,Nuclear,3246.0
09/30/2021 07:15:00,EDT,Other Fossil Fuels,3.0
09/30/2021 07:15:00,EDT,Other Renewables,226.0
09/30/2021 07:15:00,EDT,Wind,60.0
09/30/2021 07:15:00,EDT,Hydro,2838.0
09/30/2021 07:20:00,EDT,Dual Fuel,2542.0
09/30/2021 07:20:00,EDT,Natural Gas,3147.0
09/30/2021 07:20:00,EDT,Nuclear,3243.0
09/30/2021 07:20:00,EDT,Other Fossil Fuels,3.0
09/30/2021 07:20:00,EDT,Other Renewables,224.0
09/30/2021 07:20:00,EDT,Wind,57.0
09/30/2021 07:20:00,EDT,Hydro,2940.0
09/30/2021 07:25:00,EDT,Dual Fuel,2587.0
09/30/2021 07:25:00,EDT,Natural Gas,3198.0
09/30/2021 07:25:00,EDT,Nuclear,3244.0
09/30/2021 07:25:00,EDT,Other Fossil Fuels,3.0
09/30/2021 07:25:00,EDT,Other Renewables,225.0
09/30/2021 07:25:00,EDT,Wind,54.0
09/30/2021 07:25:00,EDT,Hydro,2859.0
09/30/2021 07:30:00,EDT,Dual Fuel,2663.0
09/30/2021 07:30:00,EDT,Natural Gas,3240.0
09/30/2021 07:30:00,EDT,Nuclear,3246.0
09/30/2021 07:30:00,EDT,Other Fossil Fuels,3.0
09/30/2021 07:30:00,EDT,Other Renewables,226.0
09/30/2021 07:30:00,EDT,Wind,52.0
09/30/2021 07:30:00,EDT,Hydro,2848.0
09/30/2021 07:35:00,EDT,Dual Fuel,2681.0
09/30/2021 07:35:00,EDT,Natural Gas,3225.0
09/30/2021 07:35:00,EDT,Nuclear,3247.0
09/30/2021 07:35:00,EDT,Other Fossil Fuels,3.0
09/30/2021 07:35:00,EDT,Other Renewables,223.0
09/30/2021 07:35:00,EDT,Wind,59.0
09/30/2021 07:35:00,EDT,Hydro,2850.0
09/30/2021 07:40:00,EDT,Dual Fuel,2660.0
09/30/2021 07:40:00,EDT,Natural Gas,3223.0
09/30/2021 07:40:00,EDT,Nuclear,3247.0
09/30/2021 07:40:00,EDT,Other Fossil Fuels,3.0
09/30/2021 07:40:00,EDT,Other Renewables,224.0
09/30/2021 07:40:00,EDT,Wind,63.0
09/30/2021 07:40:00,EDT,Hydro,2891.0
09/30/2021 07:45:00,EDT,Dual Fuel,2657.0
09/30/2021 07:45:00,EDT,Natural Gas,3255.0
09/30/2021 07:45:00,EDT,Nuclear,3246.0
09/30/2021 07:45:00,EDT,Other Fossil Fuels,3.0
09/30/2021 07:45:00,EDT,Other Renewables,224.0
09/30/2021 07:45:00,EDT,Wind,66.0
09/30/2021 07:45:00,EDT,Hydro,2837.0
09/30/2021 07:50:00,EDT,Dual Fuel,2680.0
09/30/2021 07:50:00,EDT,Natural Gas,3202.0
09/30/2021 07:50:00,EDT,Nuclear,3246.0
09/30/2021 07:50:00,EDT,Other Fossil Fuels,3.0
09/30/2021 07:50:00,EDT,Other Renewables,226.0
09/30/2021 07:50:00,EDT,Wind,66.0
09/30/2021 07:50:00,EDT,Hydro,2775.0
09/30/2021 07:55:00,EDT,Dual Fuel,2677.0
09/30/2021 07:55:00,EDT,Natural Gas,3198.0
09/30/2021 07:55:00,EDT,Nuclear,3247.0
09/30/2021 07:55:00,EDT,Other Fossil Fuels,3.0
09/30/2021 07:55:00,EDT,Other Renewables,228.0
09/30/2021 07:55:00,EDT,Wind,68.0
09/30/2021 07:55:00,EDT,Hydro,2652.0
09/30/2021 08:00:00,EDT,Dual Fuel,2595.0
09/30/2021 08:00:00,EDT,Natural Gas,3181.0
09/30/2021 08:00:00,EDT,Nuclear,3248.0
09/30/2021 08:00:00,EDT,Other Fossil Fuels,5.0
09/30/2021 08:00:00,EDT,Other Renewables,226.0
09/30/2021 08:00:00,EDT,Wind,75.0
09/30/2021 08:00:00,EDT,Hydro,2710.0
09/30/2021 08:05:00,EDT,Dual Fuel,2404.0
09/30/2021 08:05:00,EDT,Natural Gas,3165.0
09/30/2021 08:05:00,EDT,Nuclear,3245.0
09/30/2021 08:05:00,EDT,Other Fossil Fuels,39.0
09/30/2021 08:05:00,EDT,Other Renewables,226.0
09/30/2021 08:05:00,EDT,Wind,76.0
09/30/2021 08:05:00,EDT,Hydro,2864.0
09/30/2021 08:10:00,EDT,Dual Fuel,2396.0
09/30/2021 08:10:00,EDT,Natural Gas,3156.0
09/30/2021 08:10:00,EDT,Nuclear,3246.0
09/30/2021 08:10:00,EDT,Other Fossil Fuels,46.0
09/30/2021 08:10:00,EDT,Other Renewables,230.0
09/30/2021 08:10:00,EDT,Wind,80.0
09/30/2021 08:10:00,EDT,Hydro,2925.0
09/30/2021 08:15:00,EDT,Dual Fuel,2352.0
09/30/2021 08:15:00,EDT,Natural Gas,3170.0
09/30/2021 08:15:00,EDT,Nuclear,3246.0
09/30/2021 08:15:00,EDT,Other Fossil Fuels,46.0
09/30/2021 08:15:00,EDT,Other Renewables,229.0
09/30/2021 08:15:00,EDT,Wind,79.0
09/30/2021 08:15:00,EDT,Hydro,2912.0
09/30/2021 08:20:00,EDT,Dual Fuel,2311.0
09/30/2021 08:20:00,EDT,Natural Gas,3169.0
09/30/2021 08:20:00,EDT,Nuclear,3247.0
09/30/2021 08:20:00,EDT,Other Fossil Fuels,46.0
09/30/2021 08:20:00,EDT,Other Renewables,229.0
09/30/2021 08:20:00,EDT,Wind,79.0
09/30/2021 08:20:00,EDT,Hydro,2950.0
09/30/2021 08:25:00,EDT,Dual Fuel,2330.0
09/30/2021 08:25:00,EDT,Natural Gas,3178.0
09/30/2021 08:25:00,EDT,Nuclear,3249.0
09/30/2021 08:25:00,EDT,Other Fossil Fuels,46.0
09/30/2021 08:25:00,EDT,Other Renewables,231.0
09/30/2021 08:25:00,EDT,Wind,79.0
09/30/2021 08:25:00,EDT,Hydro,2964.0
09/30/2021 08:30:00,EDT,Dual Fuel,2321.0
09/30/2021 08:30:00,EDT,Natural Gas,3155.0
09/30/2021 08:30:00,EDT,Nuclear,3249.0
09/30/2021 08:30:00,EDT,Other Fossil Fuels,46.0
09/30/2021 08:30:00,EDT,Other Renewables,231.0
09/30/2021 08:30:00,EDT,Wind,75.0
09/30/2021 08:30:00,EDT,Hydro,2961.0
09/30/2021 08:35:00,EDT,Dual Fuel,2274.0
09/30/2021 08:35:00,EDT,Natural Gas,3076.0
09/30/2021 08:35:00,EDT,Nuclear,3248.0
09/30/2021 08:35:00,EDT,Other Fossil Fuels,46.0
09/30/2021 08:35:00,EDT,Other Renewables,236.0
09/30/2021 08:35:00,EDT,Wind,71.0
09/30/2021 08:35:00,EDT,Hydro,2950.0
09/30/2021 08:40:00,EDT,Dual Fuel,2271.0
09/30/2021 08:40:00,EDT,Natural Gas,2999.0
09/30/2021 08:40:00,EDT,Nuclear,3250.0
09/30/2021 08:40:00,EDT,Other Fossil Fuels,46.0
09/30/2021 08:40:00,EDT,Other Renewables,232.0
09/30/2021 08:40:00,EDT,Wind,70.0
09/30/2021 08:40:00,EDT,Hydro,2972.0
09/30/2021 08:45:00,EDT,Dual Fuel,2243.0
09/30/2021 08:45:00,EDT,Natural Gas,3022.0
09/30/2021 08:45:00,EDT,Nuclear,3249.0
09/30/2021 08:45:00,EDT,Other Fossil Fuels,46.0
09/30/2021 08:45:00,EDT,Other Renewables,237.0
09/30/2021 08:45:00,EDT,Wind,70.0
09/30/2021 08:45:00,EDT,Hydro,2920.0
09/30/2021 08:50:00,EDT,Dual Fuel,2202.0
09/30/2021 08:50:00,EDT,Natural Gas,3069.0
09/30/2021 08:50:00,EDT,Nuclear,3248.0
09/30/2021 08:50:00,EDT,Other Fossil Fuels,46.0
09/30/2021 08:50:00,EDT,Other Renewables,239.0
09/30/2021 08:50:00,EDT,Wind,79.0
09/30/2021 08:50:00,EDT,Hydro,2981.0
09/30/2021 08:55:00,EDT,Dual Fuel,2224.0
09/30/2021 08:55:00,EDT,Natural Gas,3101.0
09/30/2021 08:55:00,EDT,Nuclear,3247.0
09/30/2021 08:55:00,EDT,Other Fossil Fuels,46.0
09/30/2021 08:55:00,EDT,Other Renewables,237.0
09/30/2021 08:55:00,EDT,Wind,86.0
09/30/2021 08:55:00,EDT,Hydro,2903.0
09/30/2021 09:00:00,EDT,Dual Fuel,2275.0
09/30/2021 09:00:00,EDT,Natural Gas,3090.0
09/30/2021 09:00:00,EDT,Nuclear,3248.0
09/30/2021 09:00:00,EDT,Other Fossil Fuels,46.0
09/30/2021 09:00:00,EDT,Other Renewables,239.0
09/30/2021 09:00:00,EDT,Wind,89.0
09/30/2021 09:00:00,EDT,Hydro,2844.0
09/30/2021 09:05:00,EDT,Dual Fuel,2293.0
09/30/2021 09:05:00,EDT,Natural Gas,3015.0
09/30/2021 09:05:00,EDT,Nuclear,3250.0
09/30/2021 09:05:00,EDT,Other Fossil Fuels,46.0
09/30/2021 09:05:00,EDT,Other Renewables,240.0
09/30/2021 09:05:00,EDT,Wind,90.0
09/30/2021 09:05:00,EDT,Hydro,2909.0
09/30/2021 09:10:00,EDT,Dual Fuel,2309.0
09/30/2021 09:10:00,EDT,Natural Gas,2974.0
09/30/2021 09:10:00,EDT,Nuclear,3249.0
09/30/2021 09:10:00,EDT,Other Fossil Fuels,46.0
09/30/2021 09:10:00,EDT,Other Renewables,241.0
09/30/2021 09:10:00,EDT,Wind,89.0
09/30/2021 09:10:00,EDT,Hydro,2975.0
09/30/2021 09:15:00,EDT,Dual Fuel,2335.0
09/30/2021 09:15:00,EDT,Natural Gas,2952.0
09/30/2021 09:15:00,EDT,Nuclear,3249.0
09/30/2021 09:15:00,EDT,Other Fossil Fuels,46.0
09/30/2021 09:15:00,EDT,Other Renewables,246.0
09/30/2021 09:15:00,EDT,Wind,93.0
09/30/2021 09:15:00,EDT,Hydro,2958.0
09/30/2021 09:18:06,EDT,Dual Fuel,2345.0
09/30/2021 09:18:06,EDT,Natural Gas,2964.0
09/30/2021 09:18:06,EDT,Nuclear,3248.0
09/30/2021 09:18:06,EDT,Other Fossil Fuels,46.0
09/30/2021 09:18:06,EDT,Other Renewables,245.0
09/30/2021 09:18:06,EDT,Wind,100.0
09/30/2021 09:18:06,EDT,Hydro,2880.0
09/30/2021 09:19:24,EDT,Dual Fuel,2357.0
09/30/2021 09:19:24,EDT,Natural Gas,2996.0
09/30/2021 09:19:24,EDT,Nuclear,3251.0
09/30/2021 09:19:24,EDT,Other Fossil Fuels,46.0
09/30/2021 09:19:24,EDT,Other Renewables,246.0
09/30/2021 09:19:24,EDT,Wind,102.0
09/30/2021 09:19:24,EDT,Hydro,2865.0
09/30/2021 09:20:00,EDT,Dual Fuel,2362.0
09/30/2021 09:20:00,EDT,Natural Gas,3005.0
09/30/2021 09:20:00,EDT,Nuclear,3249.0
09/30/2021 09:20:00,EDT,Other Fossil Fuels,46.0
09/30/2021 09:20:00,EDT,Other Renewables,245.0
09/30/2021 09:20:00,EDT,Wind,102.0
09/30/2021 09:20:00,EDT,Hydro,2872.0
09/30/2021 09:25:00,EDT,Dual Fuel,2376.0
09/30/2021 09:25:00,EDT,Natural Gas,3030.0
09/30/2021 09:25:00,EDT,Nuclear,3249.0
09/30/2021 09:25:00,EDT,Other Fossil Fuels,46.0
09/30/2021 09:25:00,EDT,Other Renewables,246.0
09/30/2021 09:25:00,EDT,Wind,107.0
09/30/2021 09:25:00,EDT,Hydro,2938.0
09/30/2021 09:30:00,EDT,Dual Fuel,2342.0
09/30/2021 09:30:00,EDT,Natural Gas,3045.0
09/30/2021 09:30:00,EDT,Nuclear,3247.0
09/30/2021 09:30:00,EDT,Other Fossil Fuels,46.0
09/30/2021 09:30:00,EDT,Other Renewables,247.0
09/30/2021 09:30:00,EDT,Wind,106.0
09/30/2021 09:30:00,EDT,Hydro,3016.0
09/30/2021 09:35:00,EDT,Dual Fuel,2314.0
09/30/2021 09:35:00,EDT,Natural Gas,3018.0
09/30/2021 09:35:00,EDT,Nuclear,3249.0
09/30/2021 09:35:00,EDT,Other Fossil Fuels,46.0
09/30/2021 09:35:00,EDT,Other Renewables,249.0
09/30/2021 09:35:00,EDT,Wind,105.0
09/30/2021 09:35:00,EDT,Hydro,3035.0
09/30/2021 09:40:00,EDT,Dual Fuel,2306.0
09/30/2021 09:40:00,EDT,Natural Gas,2948.0
09/30/2021 09:40:00,EDT,Nuclear,3248.0
09/30/2021 09:40:00,EDT,Other Fossil Fuels,46.0
09/30/2021 09:40:00,EDT,Other Renewables,251.0
09/30/2021 09:40:00,EDT,Wind,105.0
09/30/2021 09:40:00,EDT,Hydro,3013.0
09/30/2021 09:45:00,EDT,Dual Fuel,2310.0
09/30/2021 09:45:00,EDT,Natural Gas,2955.0
09/30/2021 09:45:00,EDT,Nuclear,3249.0
09/30/2021 09:45:00,EDT,Other Fossil Fuels,46.0
09/30/2021 09:45:00,EDT,Other Renewables,250.0
09/30/2021 09:45:00,EDT,Wind,105.0
09/30/2021 09:45:00,EDT,Hydro,3060.0
09/30/2021 09:50:00,EDT,Dual Fuel,2324.0
09/30/2021 09:50:00,EDT,Natural Gas,3050.0
09/30/2021 09:50:00,EDT,Nuclear,3250.0
09/30/2021 09:50:00,EDT,Other Fossil Fuels,46.0
09/30/2021 09:50:00,EDT,Other Renewables,252.0
09/30/2021 09:50:00,EDT,Wind,103.0
09/30/2021 09:50:00,EDT,Hydro,3055.0
09/30/2021 09:55:00,EDT,Dual Fuel,2321.0
09/30/2021 09:55:00,EDT,Natural Gas,3103.0
09/30/2021 09:55:00,EDT,Nuclear,3250.0
09/30/2021 09:55:00,EDT,Other Fossil Fuels,46.0
09/30/2021 09:55:00,EDT,Other Renewables,251.0
09/30/2021 09:55:00,EDT,Wind,96.0
09/30/2021 09:55:00,EDT,Hydro,3048.0
09/30/2021 10:00:00,EDT,Dual Fuel,2321.0
09/30/2021 10:00:00,EDT,Natural Gas,3055.0
09/30/2021 10:00:00,EDT,Nuclear,3250.0
09/30/2021 10:00:00,EDT,Other Fossil Fuels,46.0
09/30/2021 10:00:00,EDT,Other Renewables,251.0
09/30/2021 10:00:00,EDT,Wind,91.0
09/30/2021 10:00:00,EDT,Hydro,3055.0
09/30/2021 10:05:00,EDT,Dual Fuel,2300.0
09/30/2021 10:05:00,EDT,Natural Gas,2979.0
09/30/2021 10:05:00,EDT,Nuclear,3249.0
09/30/2021 10:05:00,EDT,Other Fossil Fuels,46.0
09/30/2021 10:05:00,EDT,Other Renewables,250.0
09/30/2021 10:05:00,EDT,Wind,86.0
09/30/2021 10:05:00,EDT,Hydro,3052.0
09/30/2021 10:10:00,EDT,Dual Fuel,2315.0
09/30/2021 10:10:00,EDT,Natural Gas,2972.0
09/30/2021 10:10:00,EDT,Nuclear,3249.0
09/30/2021 10:10:00,EDT,Other Fossil Fuels,46.0
09/30/2021 10:10:00,EDT,Other Renewables,245.0
09/30/2021 10:10:00,EDT,Wind,84.0
09/30/2021 10:10:00,EDT,Hydro,3065.0
09/30/2021 10:15:00,EDT,Dual Fuel,2294.0
09/30/2021 10:15:00,EDT,Natural Gas,3005.0
09/30/2021 10:15:00,EDT,Nuclear,3249.0
09/30/2021 10:15:00,EDT,Other Fossil Fuels,46.0
09/30/2021 10:15:00,EDT,Other Renewables,253.0
09/30/2021 10:15:00,EDT,Wind,82.0
09/30/2021 10:15:00,EDT,Hydro,3069.0
09/30/2021 10:20:00,EDT,Dual Fuel,2291.0
09/30/2021 10:20:00,EDT,Natural Gas,2994.0
09/30/2021 10:20:00,EDT,Nuclear,3249.0
09/30/2021 10:20:00,EDT,Other Fossil Fuels,46.0
09/30/2021 10:20:00,EDT,Other Renewables,249.0
09/30/2021 10:20:00,EDT,Wind,79.0
09/30/2021 10:20:00,EDT,Hydro,3076.0
09/30/2021 10:25:00,EDT,Dual Fuel,2298.0
09/30/2021 10:25:00,EDT,Natural Gas,3007.0
09/30/2021 10:25:00,EDT,Nuclear,3249.0
09/30/2021 10:25:00,EDT,Other Fossil Fuels,46.0
09/30/2021 10:25:00,EDT,Other Renewables,253.0
09/30/2021 10:25:00,EDT,Wind,76.0
09/30/2021 10:25:00,EDT,Hydro,3067.0
09/30/2021 10:30:00,EDT,Dual Fuel,2303.0
09/30/2021 10:30:00,EDT,Natural Gas,3016.0
09/30/2021 10:30:00,EDT,Nuclear,3249.0
09/30/2021 10:30:00,EDT,Other Fossil Fuels,46.0
09/30/2021 10:30:00,EDT,Other Renewables,250.0
09/30/2021 10:30:00,EDT,Wind,79.0
09/30/2021 10:30:00,EDT,Hydro,3081.0
09/30/2021 10:35:00,EDT,Dual Fuel,2294.0
09/30/2021 10:35:00,EDT,Natural Gas,3001.0
09/30/2021 10:35:00,EDT,Nuclear,3247.0
09/30/2021 10:35:00,EDT,Other Fossil Fuels,46.0
09/30/2021 10:35:00,EDT,Other Renewables,244.0
09/30/2021 10:35:00,EDT,Wind,79.0
09/30/2021 10:35:00,EDT,Hydro,3079.0
09/30/2021 10:40:00,EDT,Dual Fuel,2309.0
09/30/2021 10:40:00,EDT,Natural Gas,3021.0
09/30/2021 10:40:00,EDT,Nuclear,3249.0
09/30/2021 10:40:00,EDT,Other Fossil Fuels,46.0
09/30/2021 10:40:00,EDT,Other Renewables,251.0
09/30/2021 10:40:00,EDT,Wind,78.0
09/30/2021 10:40:00,EDT,Hydro,3079.0
09/30/2021 10:45:00,EDT,Dual Fuel,2306.0
09/30/2021 10:45:00,EDT,Natural Gas,3037.0
09/30/2021 10:45:00,EDT,Nuclear,3250.0
09/30/2021 10:45:00,EDT,Other Fossil Fuels,46.0
09/30/2021 10:45:00,EDT,Other Renewables,253.0
09/30/2021 10:45:00,EDT,Wind,84.0
09/30/2021 10:45:00,EDT,Hydro,3074.0
09/30/2021 10:50:00,EDT,Dual Fuel,2302.0
09/30/2021 10:50:00,EDT,Natural Gas,3053.0
09/30/2021 10:50:00,EDT,Nuclear,3250.0
09/30/2021 10:50:00,EDT,Other Fossil Fuels,46.0
09/30/2021 10:50:00,EDT,Other Renewables,250.0
09/30/2021 10:50:00,EDT,Wind,93.0
09/30/2021 10:50:00,EDT,Hydro,3081.0
09/30/2021 10:55:00,EDT,Dual Fuel,2301.0
09/30/2021 10:55:00,EDT,Natural Gas,3040.0
09/30/2021 10:55:00,EDT,Nuclear,3250.0
09/30/2021 10:55:00,EDT,Other Fossil Fuels,46.0
09/30/2021 10:55:00,EDT,Other Renewables,252.0
09/30/2021 10:55:00,EDT,Wind,93.0
09/30/2021 10:55:00,EDT,Hydro,3072.0
09/30/2021 11:00:00,EDT,Dual Fuel,2320.0
09/30/2021 11:00:00,EDT,Natural Gas,2999.0
09/30/2021 11:00:00,EDT,Nuclear,3250.0
09/30/2021 11:00:00,EDT,Other Fossil Fuels,46.0
09/30/2021 11:00:00,EDT,Other Renewables,254.0
09/30/2021 11:00:00,EDT,Wind,101.0
09/30/2021 11:00:00,EDT,Hydro,3077.0
09/30/2021 11:05:00,EDT,Dual Fuel,2306.0
09/30/2021 11:05:00,EDT,Natural Gas,2933.0
09/30/2021 11:05:00,EDT,Nuclear,3248.0
09/30/2021 11:05:00,EDT,Other Fossil Fuels,46.0
09/30/2021 11:05:00,EDT,Other Renewables,254.0
09/30/2021 11:05:00,EDT,Wind,98.0
09/30/2021 11:05:00,EDT,Hydro,3063.0
09/30/2021 11:10:00,EDT,Dual Fuel,2263.0
09/30/2021 11:10:00,EDT,Natural Gas,2883.0
09/30/2021 11:10:00,EDT,Nuclear,3249.0
09/30/2021 11:10:00,EDT,Other Fossil Fuels,46.0
09/30/2021 11:10:00,EDT,Other Renewables,257.0
09/30/2021 11:10:00,EDT,Wind,100.0
09/30/2021 11:10:00,EDT,Hydro,3059.0
09/30/2021 11:15:00,EDT,Dual Fuel,2252.0
09/30/2021 11:15:00,EDT,Natural Gas,2944.0
09/30/2021 11:15:00,EDT,Nuclear,3249.0
09/30/2021 11:15:00,EDT,Other Fossil Fuels,46.0
09/30/2021 11:15:00,EDT,Other Renewables,251.0
09/30/2021 11:15:00,EDT,Wind,97.0
09/30/2021 11:15:00,EDT,Hydro,2969.0
09/30/2021 11:20:00,EDT,Dual Fuel,2294.0
09/30/2021 11:20:00,EDT,Natural Gas,3053.0
09/30/2021 11:20:00,EDT,Nuclear,3250.0
09/30/2021 11:20:00,EDT,Other Fossil Fuels,46.0
09/30/2021 11:20:00,EDT,Other Renewables,256.0
09/30/2021 11:20:00,EDT,Wind,95.0
09/30/2021 11:20:00,EDT,Hydro,3009.0
09/30/2021 11:25:00,EDT,Dual Fuel,2343.0
09/30/2021 11:25:00,EDT,Natural Gas,3126.0
09/30/2021 11:25:00,EDT,Nuclear,3249.0
09/30/2021 11:25:00,EDT,Other Fossil Fuels,46.0
09/30/2021 11:25:00,EDT,Other Renewables,258.0
09/30/2021 11:25:00,EDT,Wind,93.0
09/30/2021 11:25:00,EDT,Hydro,3024.0
09/30/2021 11:30:00,EDT,Dual Fuel,2347.0
09/30/2021 11:30:00,EDT,Natural Gas,3141.0
09/30/2021 11:30:00,EDT,Nuclear,3248.0
09/30/2021 11:30:00,EDT,Other Fossil Fuels,46.0
09/30/2021 11:30:00,EDT,Other Renewables,255.0
09/30/2021 11:30:00,EDT,Wind,90.0
09/30/2021 11:30:00,EDT,Hydro,3030.0
09/30/2021 11:35:00,EDT,Dual Fuel,2300.0
09/30/2021 11:35:00,EDT,Natural Gas,3113.0
09/30/2021 11:35:00,EDT,Nuclear,3249.0
09/30/2021 11:35:00,EDT,Other Fossil Fuels,46.0
09/30/2021 11:35:00,EDT,Other Renewables,258.0
09/30/2021 11:35:00,EDT,Wind,78.0
09/30/2021 11:35:00,EDT,Hydro,3011.0
09/30/2021 11:40:00,EDT,Dual Fuel,2214.0
09/30/2021 11:40:00,EDT,Natural Gas,3125.0
09/30/2021 11:40:00,EDT,Nuclear,3247.0
09/30/2021 11:40:00,EDT,Other Fossil Fuels,46.0
09/30/2021 11:40:00,EDT,Other Renewables,258.0
09/30/2021 11:40:00,EDT,Wind,72.0
09/30/2021 11:40:00,EDT,Hydro,3006.0
09/30/2021 11:45:00,EDT,Dual Fuel,2203.0
09/30/2021 11:45:00,EDT,Natural Gas,3141.0
09/30/2021 11:45:00,EDT,Nuclear,3249.0
09/30/2021 11:45:00,EDT,Other Fossil Fuels,46.0
09/30/2021 11:45:00,EDT,Other Renewables,253.0
09/30/2021 11:45:00,EDT,Wind,64.0
09/30/2021 11:45:00,EDT,Hydro,3006.0
09/30/2021 11:50:00,EDT,Dual Fuel,2258.0
09/30/2021 11:50:00,EDT,Natural Gas,3160.0
09/30/2021 11:50:00,EDT,Nuclear,3248.0
09/30/2021 11:50:00,EDT,Other Fossil Fuels,46.0
09/30/2021 11:50:00,EDT,Other Renewables,247.0
09/30/2021 11:50:00,EDT,Wind,64.0
09/30/2021 11:50:00,EDT,Hydro,3011.0
09/30/2021 11:55:00,EDT,Dual Fuel,2255.0
09/30/2021 11:55:00,EDT,Natural Gas,3208.0
09/30/2021 11:55:00,EDT,Nuclear,3252.0
09/30/2021 11:55:00,EDT,Other Fossil Fuels,46.0
09/30/2021 11:55:00,EDT,Other Renewables,249.0
09/30/2021 11:55:00,EDT,Wind,60.0
09/30/2021 11:55:00,EDT,Hydro,2998.0
09/30/2021 12:00:00,EDT,Dual Fuel,2190.0
09/30/2021 12:00:00,EDT,Natural Gas,3196.0
09/30/2021 12:00:00,EDT,Nuclear,3249.0
09/30/2021 12:00:00,EDT,Other Fossil Fuels,46.0
09/30/2021 12:00:00,EDT,Other Renewables,254.0
09/30/2021 12:00:00,EDT,Wind,67.0
09/30/2021 12:00:00,EDT,Hydro,3021.0
09/30/2021 12:05:00,EDT,Dual Fuel,2158.0
09/30/2021 12:05:00,EDT,Natural Gas,3151.0
09/30/2021 12:05:00,EDT,Nuclear,3251.0
09/30/2021 12:05:00,EDT,Other Fossil Fuels,46.0
09/30/2021 12:05:00,EDT,Other Renewables,255.0
09/30/2021 12:05:00,EDT,Wind,72.0
09/30/2021 12:05:00,EDT,Hydro,3045.0
09/30/2021 12:10:00,EDT,Dual Fuel,2251.0
09/30/2021 12:10:00,EDT,Natural Gas,3185.0
09/30/2021 12:10:00,EDT,Nuclear,3248.0
09/30/2021 12:10:00,EDT,Other Fossil Fuels,46.0
09/30/2021 12:10:00,EDT,Other Renewables,255.0
09/30/2021 12:10:00,EDT,Wind,79.0
09/30/2021 12:10:00,EDT,Hydro,3070.0
09/30/2021 12:15:00,EDT,Dual Fuel,2318.0
09/30/2021 12:15:00,EDT,Natural Gas,3210.0
09/30/2021 12:15:00,EDT,Nuclear,3250.0
09/30/2021 12:15:00,EDT,Other Fossil Fuels,46.0
09/30/2021 12:15:00,EDT,Other Renewables,262.0
09/30/2021 12:15:00,EDT,Wind,81.0
09/30/2021 12:15:00,EDT,Hydro,3002.0
09/30/2021 12:20:00,EDT,Dual Fuel,2341.0
09/30/2021 12:20:00,EDT,Natural Gas,3213.0
09/30/2021 12:20:00,EDT,Nuclear,3250.0
09/30/2021 12:20:00,EDT,Other Fossil Fuels,46.0
09/30/2021 12:20:00,EDT,Other Renewables,256.0
09/30/2021 12:20:00,EDT,Wind,86.0
09/30/2021 12:20:00,EDT,Hydro,3042.0
09/30/2021 12:25:00,EDT,Dual Fuel,2383.0
09/30/2021 12:25:00,EDT,Natural Gas,3194.0
09/30/2021 12:25:00,EDT,Nuclear,3249.0
09/30/2021 12:25:00,EDT,Other Fossil Fuels,46.0
09/30/2021 12:25:00,EDT,Other Renewables,246.0
09/30/2021 12:25:00,EDT,Wind,92.0
09/30/2021 12:25:00,EDT,Hydro,3060.0
09/30/2021 12:30:00,EDT,Dual Fuel,2418.0
09/30/2021 12:30:00,EDT,Natural Gas,3158.0
09/30/2021 12:30:00,EDT,Nuclear,3248.0
09/30/2021 12:30:00,EDT,Other Fossil Fuels,46.0
09/30/2021 12:30:00,EDT,Other Renewables,246.0
09/30/2021 12:30:00,EDT,Wind,95.0
09/30/2021 12:30:00,EDT,Hydro,3078.0
09/30/2021 12:35:00,EDT,Dual Fuel,2463.0
09/30/2021 12:35:00,EDT,Natural Gas,3205.0
09/30/2021 12:35:00,EDT,Nuclear,3249.0
09/30/2021 12:35:00,EDT,Other Fossil Fuels,46.0
09/30/2021 12:35:00,EDT,Other Renewables,252.0
09/30/2021 12:35:00,EDT,Wind,94.0
09/30/2021 12:35:00,EDT,Hydro,3070.0
09/30/2021 12:40:00,EDT,Dual Fuel,2525.0
09/30/2021 12:40:00,EDT,Natural Gas,3235.0
09/30/2021 12:40:00,EDT,Nuclear,3250.0
09/30/2021 12:40:00,EDT,Other Fossil Fuels,46.0
09/30/2021 12:40:00,EDT,Other Renewables,244.0
09/30/2021 12:40:00,EDT,Wind,97.0
09/30/2021 12:40:00,EDT,Hydro,3083.0
09/30/2021 12:45:00,EDT,Dual Fuel,2575.0
09/30/2021 12:45:00,EDT,Natural Gas,3238.0
09/30/2021 12:45:00,EDT,Nuclear,3248.0
09/30/2021 12:45:00,EDT,Other Fossil Fuels,46.0
09/30/2021 12:45:00,EDT,Other Renewables,245.0
09/30/2021 12:45:00,EDT,Wind,103.0
09/30/2021 12:45:00,EDT,Hydro,3087.0
09/30/2021 12:50:00,EDT,Dual Fuel,2641.0
09/30/2021 12:50:00,EDT,Natural Gas,3244.0
09/30/2021 12:50:00,EDT,Nuclear,3248.0
09/30/2021 12:50:00,EDT,Other Fossil Fuels,46.0
09/30/2021 12:50:00,EDT,Other Renewables,256.0
09/30/2021 12:50:00,EDT,Wind,107.0
09/30/2021 12:50:00,EDT,Hydro,3074.0
09/30/2021 12:55:00,EDT,Dual Fuel,2695.0
09/30/2021 12:55:00,EDT,Natural Gas,3249.0
09/30/2021 12:55:00,EDT,Nuclear,3251.0
09/30/2021 12:55:00,EDT,Other Fossil Fuels,46.0
09/30/2021 12:55:00,EDT,Other Renewables,247.0
09/30/2021 12:55:00,EDT,Wind,111.0
09/30/2021 12:55:00,EDT,Hydro,3079.0
09/30/2021 13:00:00,EDT,Dual Fuel,2700.0
09/30/2021 13:00:00,EDT,Natural Gas,3234.0
09/30/2021 13:00:00,EDT,Nuclear,3250.0
09/30/2021 13:00:00,EDT,Other Fossil Fuels,46.0
09/30/2021 13:00:00,EDT,Other Renewables,246.0
09/30/2021 13:00:00,EDT,Wind,125.0
09/30/2021 13:00:00,EDT,Hydro,3073.0
09/30/2021 13:05:00,EDT,Dual Fuel,2707.0
09/30/2021 13:05:00,EDT,Natural Gas,3229.0
09/30/2021 13:05:00,EDT,Nuclear,3250.0
09/30/2021 13:05:00,EDT,Other Fossil Fuels,46.0
09/30/2021 13:05:00,EDT,Other Renewables,249.0
09/30/2021 13:05:00,EDT,Wind,130.0
09/30/2021 13:05:00,EDT,Hydro,3045.0
09/30/2021 13:10:00,EDT,Dual Fuel,2679.0
09/30/2021 13:10:00,EDT,Natural Gas,3227.0
09/30/2021 13:10:00,EDT,Nuclear,3254.0
09/30/2021 13:10:00,EDT,Other Fossil Fuels,46.0
09/30/2021 13:10:00,EDT,Other Renewables,256.0
09/30/2021 13:10:00,EDT,Wind,134.0
09/30/2021 13:10:00,EDT,Hydro,3006.0
09/30/2021 13:15:00,EDT,Dual Fuel,2687.0
09/30/2021 13:15:00,EDT,Natural Gas,3232.0
09/30/2021 13:15:00,EDT,Nuclear,3253.0
09/30/2021 13:15:00,EDT,Other Fossil Fuels,46.0
09/30/2021 13:15:00,EDT,Other Renewables,247.0
09/30/2021 13:15:00,EDT,Wind,142.0
09/30/2021 13:15:00,EDT,Hydro,3014.0
09/30/2021 13:20:00,EDT,Dual Fuel,2685.0
09/30/2021 13:20:00,EDT,Natural Gas,3233.0
09/30/2021 13:20:00,EDT,Nuclear,3255.0
09/30/2021 13:20:00,EDT,Other Fossil Fuels,46.0
09/30/2021 13:20:00,EDT,Other Renewables,246.0
09/30/2021 13:20:00,EDT,Wind,144.0
09/30/2021 13:20:00,EDT,Hydro,3023.0
09/30/2021 13:25:00,EDT,Dual Fuel,2707.0
09/30/2021 13:25:00,EDT,Natural Gas,3232.0
09/30/2021 13:25:00,EDT,Nuclear,3256.0
09/30/2021 13:25:00,EDT,Other Fossil Fuels,46.0
09/30/2021 13:25:00,EDT,Other Renewables,249.0
09/30/2021 13:25:00,EDT,Wind,141.0
09/30/2021 13:25:00,EDT,Hydro,3032.0
09/30/2021 13:30:00,EDT,Dual Fuel,2719.0
09/30/2021 13:30:00,EDT,Natural Gas,3232.0
09/30/2021 13:30:00,EDT,Nuclear,3256.0
09/30/2021 13:30:00,EDT,Other Fossil Fuels,46.0
09/30/2021 13:30:00,EDT,Other Renewables,251.0
09/30/2021 13:30:00,EDT,Wind,133.0
09/30/2021 13:30:00,EDT,Hydro,3039.0
09/30/2021 13:35:00,EDT,Dual Fuel,2754.0
09/30/2021 13:35:00,EDT,Natural Gas,3234.0
09/30/2021 13:35:00,EDT,Nuclear,3254.0
09/30/2021 13:35:00,EDT,Other Fossil Fuels,46.0
09/30/2021 13:35:00,EDT,Other Renewables,252.0
09/30/2021 13:35:00,EDT,Wind,129.0
09/30/2021 13:35:00,EDT,Hydro,3025.0
09/30/2021 13:40:00,EDT,Dual Fuel,2770.0
09/30/2021 13:40:00,EDT,Natural Gas,3232.0
09/30/2021 13:40:00,EDT,Nuclear,3254.0
09/30/2021 13:40:00,EDT,Other Fossil Fuels,46.0
09/30/2021 13:40:00,EDT,Other Renewables,239.0
09/30/2021 13:40:00,EDT,Wind,124.0
09/30/2021 13:40:00,EDT,Hydro,3044.0
09/30/2021 13:45:00,EDT,Dual Fuel,2772.0
09/30/2021 13:45:00,EDT,Natural Gas,3231.0
09/30/2021 13:45:00,EDT,Nuclear,3253.0
09/30/2021 13:45:00,EDT,Other Fossil Fuels,46.0
09/30/2021 13:45:00,EDT,Other Renewables,238.0
09/30/2021 13:45:00,EDT,Wind,123.0
09/30/2021 13:45:00,EDT,Hydro,3045.0
09/30/2021 13:50:00,EDT,Dual Fuel,2816.0
09/30/2021 13:50:00,EDT,Natural Gas,3236.0
09/30/2021 13:50:00,EDT,Nuclear,3255.0
09/30/2021 13:50:00,EDT,Other Fossil Fuels,46.0
09/30/2021 13:50:00,EDT,Other Renewables,245.0
09/30/2021 13:50:00,EDT,Wind,121.0
09/30/2021 13:50:00,EDT,Hydro,3021.0
09/30/2021 13:55:00,EDT,Dual Fuel,2794.0
09/30/2021 13:55:00,EDT,Natural Gas,3284.0
09/30/2021 13:55:00,EDT,Nuclear,3254.0
09/30/2021 13:55:00,EDT,Other Fossil Fuels,46.0
09/30/2021 13:55:00,EDT,Other Renewables,259.0
09/30/2021 13:55:00,EDT,Wind,126.0
09/30/2021 13:55:00,EDT,Hydro,3024.0
09/30/2021 14:00:00,EDT,Dual Fuel,2770.0
09/30/2021 14:00:00,EDT,Natural Gas,3337.0
09/30/2021 14:00:00,EDT,Nuclear,3252.0
09/30/2021 14:00:00,EDT,Other Fossil Fuels,35.0
09/30/2021 14:00:00,EDT,Other Renewables,250.0
09/30/2021 14:00:00,EDT,Wind,124.0
09/30/2021 14:00:00,EDT,Hydro,3001.0
09/30/2021 14:05:00,EDT,Dual Fuel,2668.0
09/30/2021 14:05:00,EDT,Natural Gas,3350.0
09/30/2021 14:05:00,EDT,Nuclear,3254.0
09/30/2021 14:05:00,EDT,Other Fossil Fuels,3.0
09/30/2021 14:05:00,EDT,Other Renewables,256.0
09/30/2021 14:05:00,EDT,Wind,120.0
09/30/2021 14:05:00,EDT,Hydro,2979.0
09/30/2021 14:10:00,EDT,Dual Fuel,2587.0
09/30/2021 14:10:00,EDT,Natural Gas,3330.0
09/30/2021 14:10:00,EDT,Nuclear,3254.0
09/30/2021 14:10:00,EDT,Other Fossil Fuels,3.0
09/30/2021 14:10:00,EDT,Other Renewables,248.0
09/30/2021 14:10:00,EDT,Wind,116.0
09/30/2021 14:10:00,EDT,Hydro,2952.0
09/30/2021 14:15:00,EDT,Dual Fuel,2570.0
09/30/2021 14:15:00,EDT,Natural Gas,3332.0
09/30/2021 14:15:00,EDT,Nuclear,3254.0
09/30/2021 14:15:00,EDT,Other Fossil Fuels,3.0
09/30/2021 14:15:00,EDT,Other Renewables,240.0
09/30/2021 14:15:00,EDT,Wind,126.0
09/30/2021 14:15:00,EDT,Hydro,2997.0
09/30/2021 14:20:00,EDT,Dual Fuel,2581.0
09/30/2021 14:20:00,EDT,Natural Gas,3355.0
09/30/2021 14:20:00,EDT,Nuclear,3253.0
09/30/2021 14:20:00,EDT,Other Fossil Fuels,3.0
09/30/2021 14:20:00,EDT,Other Renewables,247.0
09/30/2021 14:20:00,EDT,Wind,123.0
09/30/2021 14:20:00,EDT,Hydro,3082.0
09/30/2021 14:25:00,EDT,Dual Fuel,2594.0
09/30/2021 14:25:00,EDT,Natural Gas,3358.0
09/30/2021 14:25:00,EDT,Nuclear,3255.0
09/30/2021 14:25:00,EDT,Other Fossil Fuels,3.0
09/30/2021 14:25:00,EDT,Other Renewables,242.0
09/30/2021 14:25:00,EDT,Wind,123.0
09/30/2021 14:25:00,EDT,Hydro,3118.0
09/30/2021 14:30:00,EDT,Dual Fuel,2590.0
09/30/2021 14:30:00,EDT,Natural Gas,3357.0
09/30/2021 14:30:00,EDT,Nuclear,3255.0
09/30/2021 14:30:00,EDT,Other Fossil Fuels,3.0
09/30/2021 14:30:00,EDT,Other Renewables,253.0
09/30/2021 14:30:00,EDT,Wind,121.0
09/30/2021 14:30:00,EDT,Hydro,3099.0
09/30/2021 14:35:00,EDT,Dual Fuel,2633.0
09/30/2021 14:35:00,EDT,Natural Gas,3357.0
09/30/2021 14:35:00,EDT,Nuclear,3254.0
09/30/2021 14:35:00,EDT,Other Fossil Fuels,3.0
09/30/2021 14:35:00,EDT,Other Renewables,252.0
09/30/2021 14:35:00,EDT,Wind,137.0
09/30/2021 14:35:00,EDT,Hydro,3128.0
09/30/2021 14:40:00,EDT,Dual Fuel,2682.0
09/30/2021 14:40:00,EDT,Natural Gas,3354.0
09/30/2021 14:40:00,EDT,Nuclear,3254.0
09/30/2021 14:40:00,EDT,Other Fossil Fuels,3.0
09/30/2021 14:40:00,EDT,Other Renewables,257.0
09/30/2021 14:40:00,EDT,Wind,142.0
09/30/2021 14:40:00,EDT,Hydro,3114.0
09/30/2021 14:45:00,EDT,Dual Fuel,2704.0
09/30/2021 14:45:00,EDT,Natural Gas,3355.0
09/30/2021 14:45:00,EDT,Nuclear,3255.0
09/30/2021 14:45:00,EDT,Other Fossil Fuels,3.0
09/30/2021 14:45:00,EDT,Other Renewables,255.0
09/30/2021 14:45:00,EDT,Wind,142.0
09/30/2021 14:45:00,EDT,Hydro,3034.0
09/30/2021 14:50:00,EDT,Dual Fuel,2689.0
09/30/2021 14:50:00,EDT,Natural Gas,3356.0
09/30/2021 14:50:00,EDT,Nuclear,3253.0
09/30/2021 14:50:00,EDT,Other Fossil Fuels,3.0
09/30/2021 14:50:00,EDT,Other Renewables,253.0
09/30/2021 14:50:00,EDT,Wind,133.0
09/30/2021 14:50:00,EDT,Hydro,3082.0
09/30/2021 14:55:00,EDT,Dual Fuel,2685.0
09/30/2021 14:55:00,EDT,Natural Gas,3355.0
09/30/2021 14:55:00,EDT,Nuclear,3255.0
09/30/2021 14:55:00,EDT,Other Fossil Fuels,3.0
09/30/2021 14:55:00,EDT,Other Renewables,246.0
09/30/2021 14:55:00,EDT,Wind,131.0
09/30/2021 14:55:00,EDT,Hydro,3107.0
09/30/2021 15:00:00,EDT,Dual Fuel,2679.0
09/30/2021 15:00:00,EDT,Natural Gas,3361.0
09/30/2021 15:00:00,EDT,Nuclear,3255.0
09/30/2021 15:00:00,EDT,Other Fossil Fuels,3.0
09/30/2021 15:00:00,EDT,Other Renewables,245.0
09/30/2021 15:00:00,EDT,Wind,130.0
09/30/2021 15:00:00,EDT,Hydro,3061.0
09/30/2021 15:05:00,EDT,Dual Fuel,2668.0
09/30/2021 15:05:00,EDT,Natural Gas,3374.0
09/30/2021 15:05:00,EDT,Nuclear,3254.0
09/30/2021 15:05:00,EDT,Other Fossil Fuels,3.0
09/30/2021 15:05:00,EDT,Other Renewables,238.0
09/30/2021 15:05:00,EDT,Wind,124.0
09/30/2021 15:05:00,EDT,Hydro,3078.0
09/30/2021 15:10:00,EDT,Dual Fuel,2681.0
09/30/2021 15:10:00,EDT,Natural Gas,3372.0
09/30/2021 15:10:00,EDT,Nuclear,3255.0
09/30/2021 15:10:00,EDT,Other Fossil Fuels,3.0
09/30/2021 15:10:00,EDT,Other Renewables,240.0
09/30/2021 15:10:00,EDT,Wind,113.0
09/30/2021 15:10:00,EDT,Hydro,3017.0
09/30/2021 15:15:00,EDT,Dual Fuel,2665.0
09/30/2021 15:15:00,EDT,Natural Gas,3371.0
09/30/2021 15:15:00,EDT,Nuclear,3253.0
09/30/2021 15:15:00,EDT,Other Fossil Fuels,3.0
09/30/2021 15:15:00,EDT,Other Renewables,247.0
09/30/2021 15:15:00,EDT,Wind,115.0
09/30/2021 15:15:00,EDT,Hydro,3047.0
09/30/2021 15:20:00,EDT,Dual Fuel,2664.0
09/30/2021 15:20:00,EDT,Natural Gas,3365.0
09/30/2021 15:20:00,EDT,Nuclear,3253.0
09/30/2021 15:20:00,EDT,Other Fossil Fuels,3.0
09/30/2021 15:20:00,EDT,Other Renewables,239.0
09/30/2021 15:20:00,EDT,Wind,123.0
09/30/2021 15:20:00,EDT,Hydro,3069.0
09/30/2021 15:25:00,EDT,Dual Fuel,2661.0
09/30/2021 15:25:00,EDT,Natural Gas,3368.0
09/30/2021 15:25:00,EDT,Nuclear,3253.0
09/30/2021 15:25:00,EDT,Other Fossil Fuels,3.0
09/30/2021 15:25:00,EDT,Other Renewables,243.0
09/30/2021 15:25:00,EDT,Wind,126.0
09/30/2021 15:25:00,EDT,Hydro,3061.0
09/30/2021 15:30:00,EDT,Dual Fuel,2665.0
09/30/2021 15:30:00,EDT,Natural Gas,3375.0
09/30/2021 15:30:00,EDT,Nuclear,3255.0
09/30/2021 15:30:00,EDT,Other Fossil Fuels,3.0
09/30/2021 15:30:00,EDT,Other Renewables,239.0
09/30/2021 15:30:00,EDT,Wind,130.0
09/30/2021 15:30:00,EDT,Hydro,3090.0
09/30/2021 15:35:00,EDT,Dual Fuel,2719.0
09/30/2021 15:35:00,EDT,Natural Gas,3376.0
09/30/2021 15:35:00,EDT,Nuclear,3253.0
09/30/2021 15:35:00,EDT,Other Fossil Fuels,3.0
09/30/2021 15:35:00,EDT,Other Renewables,236.0
09/30/2021 15:35:00,EDT,Wind,127.0
09/30/2021 15:35:00,EDT,Hydro,3045.0
09/30/2021 15:40:00,EDT,Dual Fuel,2756.0
09/30/2021 15:40:00,EDT,Natural Gas,3374.0
09/30/2021 15:40:00,EDT,Nuclear,3253.0
09/30/2021 15:40:00,EDT,Other Fossil Fuels,3.0
09/30/2021 15:40:00,EDT,Other Renewables,238.0
09/30/2021 15:40:00,EDT,Wind,129.0
09/30/2021 15:40:00,EDT,Hydro,3064.0
09/30/2021 15:45:00,EDT,Dual Fuel,2754.0
09/30/2021 15:45:00,EDT,Natural Gas,3378.0
09/30/2021 15:45:00,EDT,Nuclear,3253.0
09/30/2021 15:45:00,EDT,Other Fossil Fuels,3.0
09/30/2021 15:45:00,EDT,Other Renewables,239.0
09/30/2021 15:45:00,EDT,Wind,131.0
09/30/2021 15:45:00,EDT,Hydro,3043.0
09/30/2021 15:50:00,EDT,Dual Fuel,2715.0
09/30/2021 15:50:00,EDT,Natural Gas,3376.0
09/30/2021 15:50:00,EDT,Nuclear,3252.0
09/30/2021 15:50:00,EDT,Other Fossil Fuels,3.0
09/30/2021 15:50:00,EDT,Other Renewables,244.0
09/30/2021 15:50:00,EDT,Wind,140.0
09/30/2021 15:50:00,EDT,Hydro,3048.0
09/30/2021 15:55:00,EDT,Dual Fuel,2691.0
09/30/2021 15:55:00,EDT,Natural Gas,3379.0
09/30/2021 15:55:00,EDT,Nuclear,3252.0
09/30/2021 15:55:00,EDT,Other Fossil Fuels,3.0
09/30/2021 15:55:00,EDT,Other Renewables,244.0
09/30/2021 15:55:00,EDT,Wind,150.0
09/30/2021 15:55:00,EDT,Hydro,3073.0
09/30/2021 16:00:00,EDT,Dual Fuel,2723.0
09/30/2021 16:00:00,EDT,Natural Gas,3354.0
09/30/2021 16:00:00,EDT,Nuclear,3251.0
09/30/2021 16:00:00,EDT,Other Fossil Fuels,3.0
09/30/2021 16:00:00,EDT,Other Renewables,244.0
09/30/2021 16:00:00,EDT,Wind,158.0
09/30/2021 16:00:00,EDT,Hydro,3099.0
09/30/2021 16:05:00,EDT,Dual Fuel,2772.0
09/30/2021 16:05:00,EDT,Natural Gas,3350.0
09/30/2021 16:05:00,EDT,Nuclear,3253.0
09/30/2021 16:05:00,EDT,Other Fossil Fuels,3.0
09/30/2021 16:05:00,EDT,Other Renewables,247.0
09/30/2021 16:05:00,EDT,Wind,170.0
09/30/2021 16:05:00,EDT,Hydro,3158.0
09/30/2021 16:10:00,EDT,Dual Fuel,2795.0
09/30/2021 16:10:00,EDT,Natural Gas,3414.0
09/30/2021 16:10:00,EDT,Nuclear,3254.0
09/30/2021 16:10:00,EDT,Other Fossil Fuels,3.0
09/30/2021 16:10:00,EDT,Other Renewables,244.0
09/30/2021 16:10:00,EDT,Wind,171.0
09/30/2021 16:10:00,EDT,Hydro,3202.0
09/30/2021 16:15:00,EDT,Dual Fuel,2823.0
09/30/2021 16:15:00,EDT,Natural Gas,3392.0
09/30/2021 16:15:00,EDT,Nuclear,3252.0
09/30/2021 16:15:00,EDT,Other Fossil Fuels,3.0
09/30/2021 16:15:00,EDT,Other Renewables,247.0
09/30/2021 16:15:00,EDT,Wind,162.0
09/30/2021 16:15:00,EDT,Hydro,3255.0
09/30/2021 16:20:00,EDT,Dual Fuel,2856.0
09/30/2021 16:20:00,EDT,Natural Gas,3344.0
09/30/2021 16:20:00,EDT,Nuclear,3251.0
09/30/2021 16:20:00,EDT,Other Fossil Fuels,3.0
09/30/2021 16:20:00,EDT,Other Renewables,250.0
09/30/2021 16:20:00,EDT,Wind,165.0
09/30/2021 16:20:00,EDT,Hydro,3203.0
09/30/2021 16:25:00,EDT,Dual Fuel,2811.0
09/30/2021 16:25:00,EDT,Natural Gas,3340.0
09/30/2021 16:25:00,EDT,Nuclear,3252.0
09/30/2021 16:25:00,EDT,Other Fossil Fuels,3.0
09/30/2021 16:25:00,EDT,Other Renewables,253.0
09/30/2021 16:25:00,EDT,Wind,177.0
09/30/2021 16:25:00,EDT,Hydro,3219.0
09/30/2021 16:30:00,EDT,Dual Fuel,2845.0
09/30/2021 16:30:00,EDT,Natural Gas,3338.0
09/30/2021 16:30:00,EDT,Nuclear,3254.0
09/30/2021 16:30:00,EDT,Other Fossil Fuels,3.0
09/30/2021 16:30:00,EDT,Other Renewables,254.0
09/30/2021 16:30:00,EDT,Wind,173.0
09/30/2021 16:30:00,EDT,Hydro,3232.0
09/30/2021 16:35:00,EDT,Dual Fuel,2890.0
09/30/2021 16:35:00,EDT,Natural Gas,3354.0
09/30/2021 16:35:00,EDT,Nuclear,3253.0
09/30/2021 16:35:00,EDT,Other Fossil Fuels,3.0
09/30/2021 16:35:00,EDT,Other Renewables,248.0
09/30/2021 16:35:00,EDT,Wind,155.0
09/30/2021 16:35:00,EDT,Hydro,3257.0
09/30/2021 16:40:00,EDT,Dual Fuel,2924.0
09/30/2021 16:40:00,EDT,Natural Gas,3379.0
09/30/2021 16:40:00,EDT,Nuclear,3254.0
09/30/2021 16:40:00,EDT,Other Fossil Fuels,3.0
09/30/2021 16:40:00,EDT,Other Renewables,244.0
09/30/2021 16:40:00,EDT,Wind,129.0
09/30/2021 16:40:00,EDT,Hydro,3274.0
09/30/2021 16:45:00,EDT,Dual Fuel,2926.0
09/30/2021 16:45:00,EDT,Natural Gas,3383.0
09/30/2021 16:45:00,EDT,Nuclear,3253.0
09/30/2021 16:45:00,EDT,Other Fossil Fuels,3.0
09/30/2021 16:45:00,EDT,Other Renewables,242.0
09/30/2021 16:45:00,EDT,Wind,119.0
09/30/2021 16:45:00,EDT,Hydro,3299.0
09/30/2021 16:50:00,EDT,Dual Fuel,2931.0
09/30/2021 16:50:00,EDT,Natural Gas,3384.0
09/30/2021 16:50:00,EDT,Nuclear,3251.0
09/30/2021 16:50:00,EDT,Other Fossil Fuels,3.0
09/30/2021 16:50:00,EDT,Other Renewables,241.0
09/30/2021 16:50:00,EDT,Wind,114.0
09/30/2021 16:50:00,EDT,Hydro,3334.0
09/30/2021 16:55:00,EDT,Dual Fuel,2926.0
09/30/2021 16:55:00,EDT,Natural Gas,3384.0
09/30/2021 16:55:00,EDT,Nuclear,3254.0
09/30/2021 16:55:00,EDT,Other Fossil Fuels,3.0
09/30/2021 16:55:00,EDT,Other Renewables,241.0
09/30/2021 16:55:00,EDT,Wind,118.0
09/30/2021 16:55:00,EDT,Hydro,3300.0
09/30/2021 17:00:00,EDT,Dual Fuel,2942.0
09/30/2021 17:00:00,EDT,Natural Gas,3386.0
09/30/2021 17:00:00,EDT,Nuclear,3255.0
09/30/2021 17:00:00,EDT,Other Fossil Fuels,3.0
09/30/2021 17:00:00,EDT,Other Renewables,242.0
09/30/2021 17:00:00,EDT,Wind,123.0
09/30/2021 17:00:00,EDT,Hydro,3282.0
09/30/2021 17:05:00,EDT,Dual Fuel,2844.0
09/30/2021 17:05:00,EDT,Natural Gas,3415.0
09/30/2021 17:05:00,EDT,Nuclear,3254.0
09/30/2021 17:05:00,EDT,Other Fossil Fuels,3.0
09/30/2021 17:05:00,EDT,Other Renewables,244.0
09/30/2021 17:05:00,EDT,Wind,120.0
09/30/2021 17:05:00,EDT,Hydro,3243.0
09/30/2021 17:10:00,EDT,Dual Fuel,2791.0
09/30/2021 17:10:00,EDT,Natural Gas,3441.0
09/30/2021 17:10:00,EDT,Nuclear,3254.0
09/30/2021 17:10:00,EDT,Other Fossil Fuels,3.0
09/30/2021 17:10:00,EDT,Other Renewables,243.0
09/30/2021 17:10:00,EDT,Wind,111.0
09/30/2021 17:10:00,EDT,Hydro,3296.0
09/30/2021 17:15:00,EDT,Dual Fuel,2777.0
09/30/2021 17:15:00,EDT,Natural Gas,3451.0
09/30/2021 17:15:00,EDT,Nuclear,3254.0
09/30/2021 17:15:00,EDT,Other Fossil Fuels,3.0
09/30/2021 17:15:00,EDT,Other Renewables,246.0
09/30/2021 17:15:00,EDT,Wind,112.0
09/30/2021 17:15:00,EDT,Hydro,3322.0
09/30/2021 17:20:00,EDT,Dual Fuel,2753.0
09/30/2021 17:20:00,EDT,Natural Gas,3420.0
09/30/2021 17:20:00,EDT,Nuclear,3253.0
09/30/2021 17:20:00,EDT,Other Fossil Fuels,3.0
09/30/2021 17:20:00,EDT,Other Renewables,244.0
09/30/2021 17:20:00,EDT,Wind,105.0
09/30/2021 17:20:00,EDT,Hydro,3285.0
09/30/2021 17:25:00,EDT,Dual Fuel,2752.0
09/30/2021 17:25:00,EDT,Natural Gas,3347.0
09/30/2021 17:25:00,EDT,Nuclear,3253.0
09/30/2021 17:25:00,EDT,Other Fossil Fuels,3.0
09/30/2021 17:25:00,EDT,Other Renewables,240.0
09/30/2021 17:25:00,EDT,Wind,95.0
09/30/2021 17:25:00,EDT,Hydro,3294.0
09/30/2021 17:30:00,EDT,Dual Fuel,2745.0
09/30/2021 17:30:00,EDT,Natural Gas,3373.0
09/30/2021 17:30:00,EDT,Nuclear,3253.0
09/30/2021 17:30:00,EDT,Other Fossil Fuels,3.0
09/30/2021 17:30:00,EDT,Other Renewables,236.0
09/30/2021 17:30:00,EDT,Wind,89.0
09/30/2021 17:30:00,EDT,Hydro,3306.0
09/30/2021 17:35:00,EDT,Dual Fuel,2736.0
09/30/2021 17:35:00,EDT,Natural Gas,3426.0
09/30/2021 17:35:00,EDT,Nuclear,3253.0
09/30/2021 17:35:00,EDT,Other Fossil Fuels,3.0
09/30/2021 17:35:00,EDT,Other Renewables,236.0
09/30/2021 17:35:00,EDT,Wind,81.0
09/30/2021 17:35:00,EDT,Hydro,3298.0
09/30/2021 17:40:00,EDT,Dual Fuel,2731.0
09/30/2021 17:40:00,EDT,Natural Gas,3433.0
09/30/2021 17:40:00,EDT,Nuclear,3254.0
09/30/2021 17:40:00,EDT,Other Fossil Fuels,3.0
09/30/2021 17:40:00,EDT,Other Renewables,234.0
09/30/2021 17:40:00,EDT,Wind,80.0
09/30/2021 17:40:00,EDT,Hydro,3316.0
09/30/2021 17:45:00,EDT,Dual Fuel,2760.0
09/30/2021 17:45:00,EDT,Natural Gas,3431.0
09/30/2021 17:45:00,EDT,Nuclear,3254.0
09/30/2021 17:45:00,EDT,Other Fossil Fuels,3.0
09/30/2021 17:45:00,EDT,Other Renewables,235.0
09/30/2021 17:45:00,EDT,Wind,82.0
09/30/2021 17:45:00,EDT,Hydro,3319.0
09/30/2021 17:50:00,EDT,Dual Fuel,2834.0
09/30/2021 17:50:00,EDT,Natural Gas,3437.0
09/30/2021 17:50:00,EDT,Nuclear,3253.0
09/30/2021 17:50:00,EDT,Other Fossil Fuels,3.0
09/30/2021 17:50:00,EDT,Other Renewables,234.0
09/30/2021 17:50:00,EDT,Wind,80.0
09/30/2021 17:50:00,EDT,Hydro,3334.0
09/30/2021 17:55:00,EDT,Dual Fuel,2898.0
09/30/2021 17:55:00,EDT,Natural Gas,3437.0
09/30/2021 17:55:00,EDT,Nuclear,3252.0
09/30/2021 17:55:00,EDT,Other Fossil Fuels,3.0
09/30/2021 17:55:00,EDT,Other Renewables,235.0
09/30/2021 17:55:00,EDT,Wind,79.0
09/30/2021 17:55:00,EDT,Hydro,3324.0
09/30/2021 18:00:00,EDT,Dual Fuel,2920.0
09/30/2021 18:00:00,EDT,Natural Gas,3434.0
09/30/2021 18:00:00,EDT,Nuclear,3254.0
09/30/2021 18:00:00,EDT,Other Fossil Fuels,3.0
09/30/2021 18:00:00,EDT,Other Renewables,237.0
09/30/2021 18:00:00,EDT,Wind,78.0
09/30/2021 18:00:00,EDT,Hydro,3318.0
09/30/2021 18:05:00,EDT,Dual Fuel,2853.0
09/30/2021 18:05:00,EDT,Natural Gas,3448.0
09/30/2021 18:05:00,EDT,Nuclear,3252.0
09/30/2021 18:05:00,EDT,Other Fossil Fuels,3.0
09/30/2021 18:05:00,EDT,Other Renewables,234.0
09/30/2021 18:05:00,EDT,Wind,77.0
09/30/2021 18:05:00,EDT,Hydro,3336.0
09/30/2021 18:10:00,EDT,Dual Fuel,2788.0
09/30/2021 18:10:00,EDT,Natural Gas,3447.0
09/30/2021 18:10:00,EDT,Nuclear,3254.0
09/30/2021 18:10:00,EDT,Other Fossil Fuels,3.0
09/30/2021 18:10:00,EDT,Other Renewables,231.0
09/30/2021 18:10:00,EDT,Wind,76.0
09/30/2021 18:10:00,EDT,Hydro,3340.0
09/30/2021 18:15:00,EDT,Dual Fuel,2764.0
09/30/2021 18:15:00,EDT,Natural Gas,3462.0
09/30/2021 18:15:00,EDT,Nuclear,3254.0
09/30/2021 18:15:00,EDT,Other Fossil Fuels,3.0
09/30/2021 18:15:00,EDT,Other Renewables,231.0
09/30/2021 18:15:00,EDT,Wind,77.0
09/30/2021 18:15:00,EDT,Hydro,3373.0
09/30/2021 18:20:00,EDT,Dual Fuel,2796.0
09/30/2021 18:20:00,EDT,Natural Gas,3473.0
09/30/2021 18:20:00,EDT,Nuclear,3253.0
09/30/2021 18:20:00,EDT,Other Fossil Fuels,3.0
09/30/2021 18:20:00,EDT,Other Renewables,228.0
09/30/2021 18:20:00,EDT,Wind,76.0
09/30/2021 18:20:00,EDT,Hydro,3392.0
09/30/2021 18:25:00,EDT,Dual Fuel,2827.0
09/30/2021 18:25:00,EDT,Natural Gas,3487.0
09/30/2021 18:25:00,EDT,Nuclear,3252.0
09/30/2021 18:25:00,EDT,Other Fossil Fuels,3.0
09/30/2021 18:25:00,EDT,Other Renewables,228.0
09/30/2021 18:25:00,EDT,Wind,75.0
09/30/2021 18:25:00,EDT,Hydro,3388.0
09/30/2021 18:30:00,EDT,Dual Fuel,2867.0
09/30/2021 18:30:00,EDT,Natural Gas,3480.0
09/30/2021 18:30:00,EDT,Nuclear,3254.0
09/30/2021 18:30:00,EDT,Other Fossil Fuels,3.0
09/30/2021 18:30:00,EDT,Other Renewables,229.0
09/30/2021 18:30:00,EDT,Wind,73.0
09/30/2021 18:30:00,EDT,Hydro,3396.0
09/30/2021 18:35:00,EDT,Dual Fuel,2847.0
09/30/2021 18:35:00,EDT,Natural Gas,3473.0
09/30/2021 18:35:00,EDT,Nuclear,3254.0
09/30/2021 18:35:00,EDT,Other Fossil Fuels,3.0
09/30/2021 18:35:00,EDT,Other Renewables,231.0
09/30/2021 18:35:00,EDT,Wind,70.0
09/30/2021 18:35:00,EDT,Hydro,3399.0
09/30/2021 18:40:00,EDT,Dual Fuel,2820.0
09/30/2021 18:40:00,EDT,Natural Gas,3472.0
09/30/2021 18:40:00,EDT,Nuclear,3256.0
09/30/2021 18:40:00,EDT,Other Fossil Fuels,3.0
09/30/2021 18:40:00,EDT,Other Renewables,232.0
09/30/2021 18:40:00,EDT,Wind,72.0
09/30/2021 18:40:00,EDT,Hydro,3394.0
09/30/2021 18:45:00,EDT,Dual Fuel,2858.0
09/30/2021 18:45:00,EDT,Natural Gas,3474.0
09/30/2021 18:45:00,EDT,Nuclear,3255.0
09/30/2021 18:45:00,EDT,Other Fossil Fuels,3.0
09/30/2021 18:45:00,EDT,Other Renewables,234.0
09/30/2021 18:45:00,EDT,Wind,80.0
09/30/2021 18:45:00,EDT,Hydro,3395.0
09/30/2021 18:50:00,EDT,Dual Fuel,2913.0
09/30/2021 18:50:00,EDT,Natural Gas,3483.0
09/30/2021 18:50:00,EDT,Nuclear,3255.0
09/30/2021 18:50:00,EDT,Other Fossil Fuels,3.0
09/30/2021 18:50:00,EDT,Other Renewables,233.0
09/30/2021 18:50:00,EDT,Wind,95.0
09/30/2021 18:50:00,EDT,Hydro,3399.0
09/30/2021 18:55:00,EDT,Dual Fuel,2970.0
09/30/2021 18:55:00,EDT,Natural Gas,3499.0
09/30/2021 18:55:00,EDT,Nuclear,3255.0
09/30/2021 18:55:00,EDT,Other Fossil Fuels,3.0
09/30/2021 18:55:00,EDT,Other Renewables,230.0
09/30/2021 18:55:00,EDT,Wind,111.0
09/30/2021 18:55:00,EDT,Hydro,3396.0
09/30/2021 19:00:00,EDT,Dual Fuel,3035.0
09/30/2021 19:00:00,EDT,Natural Gas,3515.0
09/30/2021 19:00:00,EDT,Nuclear,3253.0
09/30/2021 19:00:00,EDT,Other Fossil Fuels,3.0
09/30/2021 19:00:00,EDT,Other Renewables,234.0
09/30/2021 19:00:00,EDT,Wind,124.0
09/30/2021 19:00:00,EDT,Hydro,3384.0
09/30/2021 19:05:00,EDT,Dual Fuel,3080.0
09/30/2021 19:05:00,EDT,Natural Gas,3525.0
09/30/2021 19:05:00,EDT,Nuclear,3252.0
09/30/2021 19:05:00,EDT,Other Fossil Fuels,3.0
09/30/2021 19:05:00,EDT,Other Renewables,234.0
09/30/2021 19:05:00,EDT,Wind,137.0
09/30/2021 19:05:00,EDT,Hydro,3393.0
09/30/2021 19:10:00,EDT,Dual Fuel,3126.0
09/30/2021 19:10:00,EDT,Natural Gas,3541.0
09/30/2021 19:10:00,EDT,Nuclear,3252.0
09/30/2021 19:10:00,EDT,Other Fossil Fuels,3.0
09/30/2021 19:10:00,EDT,Other Renewables,235.0
09/30/2021 19:10:00,EDT,Wind,146.0
09/30/2021 19:10:00,EDT,Hydro,3416.0
09/30/2021 19:15:00,EDT,Dual Fuel,3152.0
09/30/2021 19:15:00,EDT,Natural Gas,3550.0
09/30/2021 19:15:00,EDT,Nuclear,3253.0
09/30/2021 19:15:00,EDT,Other Fossil Fuels,3.0
09/30/2021 19:15:00,EDT,Other Renewables,235.0
09/30/2021 19:15:00,EDT,Wind,149.0
09/30/2021 19:15:00,EDT,Hydro,3511.0
09/30/2021 19:20:00,EDT,Dual Fuel,3143.0
09/30/2021 19:20:00,EDT,Natural Gas,3546.0
09/30/2021 19:20:00,EDT,Nuclear,3254.0
09/30/2021 19:20:00,EDT,Other Fossil Fuels,3.0
09/30/2021 19:20:00,EDT,Other Renewables,235.0
09/30/2021 19:20:00,EDT,Wind,143.0
09/30/2021 19:20:00,EDT,Hydro,3509.0
09/30/2021 19:25:00,EDT,Dual Fuel,3095.0
09/30/2021 19:25:00,EDT,Natural Gas,3550.0
09/30/2021 19:25:00,EDT,Nuclear,3253.0
09/30/2021 19:25:00,EDT,Other Fossil Fuels,3.0
09/30/2021 19:25:00,EDT,Other Renewables,235.0
09/30/2021 19:25:00,EDT,Wind,131.0
09/30/2021 19:25:00,EDT,Hydro,3524.0
09/30/2021 19:30:00,EDT,Dual Fuel,3084.0
09/30/2021 19:30:00,EDT,Natural Gas,3569.0
09/30/2021 19:30:00,EDT,Nuclear,3254.0
09/30/2021 19:30:00,EDT,Other Fossil Fuels,3.0
09/30/2021 19:30:00,EDT,Other Renewables,236.0
09/30/2021 19:30:00,EDT,Wind,125.0
09/30/2021 19:30:00,EDT,Hydro,3502.0
09/30/2021 19:35:00,EDT,Dual Fuel,3066.0
09/30/2021 19:35:00,EDT,Natural Gas,3581.0
09/30/2021 19:35:00,EDT,Nuclear,3253.0
09/30/2021 19:35:00,EDT,Other Fossil Fuels,3.0
09/30/2021 19:35:00,EDT,Other Renewables,236.0
09/30/2021 19:35:00,EDT,Wind,112.0
09/30/2021 19:35:00,EDT,Hydro,3467.0
09/30/2021 19:40:00,EDT,Dual Fuel,3054.0
09/30/2021 19:40:00,EDT,Natural Gas,3579.0
09/30/2021 19:40:00,EDT,Nuclear,3251.0
09/30/2021 19:40:00,EDT,Other Fossil Fuels,3.0
09/30/2021 19:40:00,EDT,Other Renewables,236.0
09/30/2021 19:40:00,EDT,Wind,105.0
09/30/2021 19:40:00,EDT,Hydro,3476.0
09/30/2021 19:45:00,EDT,Dual Fuel,3044.0
09/30/2021 19:45:00,EDT,Natural Gas,3559.0
09/30/2021 19:45:00,EDT,Nuclear,3251.0
09/30/2021 19:45:00,EDT,Other Fossil Fuels,3.0
09/30/2021 19:45:00,EDT,Other Renewables,236.0
09/30/2021 19:45:00,EDT,Wind,105.0
09/30/2021 19:45:00,EDT,Hydro,3480.0
09/30/2021 19:50:00,EDT,Dual Fuel,3049.0
09/30/2021 19:50:00,EDT,Natural Gas,3547.0
09/30/2021 19:50:00,EDT,Nuclear,3252.0
09/30/2021 19:50:00,EDT,Other Fossil Fuels,3.0
09/30/2021 19:50:00,EDT,Other Renewables,234.0
09/30/2021 19:50:00,EDT,Wind,102.0
09/30/2021 19:50:00,EDT,Hydro,3487.0
09/30/2021 19:55:00,EDT,Dual Fuel,3051.0
09/30/2021 19:55:00,EDT,Natural Gas,3542.0
09/30/2021 19:55:00,EDT,Nuclear,3253.0
09/30/2021 19:55:00,EDT,Other Fossil Fuels,3.0
09/30/2021 19:55:00,EDT,Other Renewables,233.0
09/30/2021 19:55:00,EDT,Wind,105.0
09/30/2021 19:55:00,EDT,Hydro,3443.0
09/30/2021 20:00:00,EDT,Dual Fuel,3065.0
09/30/2021 20:00:00,EDT,Natural Gas,3538.0
09/30/2021 20:00:00,EDT,Nuclear,3252.0
09/30/2021 20:00:00,EDT,Other Fossil Fuels,3.0
09/30/2021 20:00:00,EDT,Other Renewables,231.0
09/30/2021 20:00:00,EDT,Wind,111.0
09/30/2021 20:00:00,EDT,Hydro,3399.0
09/30/2021 20:05:00,EDT,Dual Fuel,3151.0
09/30/2021 20:05:00,EDT,Natural Gas,3550.0
09/30/2021 20:05:00,EDT,Nuclear,3252.0
09/30/2021 20:05:00,EDT,Other Fossil Fuels,3.0
09/30/2021 20:05:00,EDT,Other Renewables,232.0
09/30/2021 20:05:00,EDT,Wind,112.0
09/30/2021 20:05:00,EDT,Hydro,3386.0
09/30/2021 20:10:00,EDT,Dual Fuel,3208.0
09/30/2021 20:10:00,EDT,Natural Gas,3591.0
09/30/2021 20:10:00,EDT,Nuclear,3253.0
09/30/2021 20:10:00,EDT,Other Fossil Fuels,3.0
09/30/2021 20:10:00,EDT,Other Renewables,231.0
09/30/2021 20:10:00,EDT,Wind,109.0
09/30/2021 20:10:00,EDT,Hydro,3432.0
09/30/2021 20:15:00,EDT,Dual Fuel,3210.0
09/30/2021 20:15:00,EDT,Natural Gas,3616.0
09/30/2021 20:15:00,EDT,Nuclear,3251.0
09/30/2021 20:15:00,EDT,Other Fossil Fuels,3.0
09/30/2021 20:15:00,EDT,Other Renewables,230.0
09/30/2021 20:15:00,EDT,Wind,111.0
09/30/2021 20:15:00,EDT,Hydro,3437.0
09/30/2021 20:20:00,EDT,Dual Fuel,3178.0
09/30/2021 20:20:00,EDT,Natural Gas,3629.0
09/30/2021 20:20:00,EDT,Nuclear,3252.0
09/30/2021 20:20:00,EDT,Other Fossil Fuels,3.0
09/30/2021 20:20:00,EDT,Other Renewables,232.0
09/30/2021 20:20:00,EDT,Wind,119.0
09/30/2021 20:20:00,EDT,Hydro,3351.0
09/30/2021 20:25:00,EDT,Dual Fuel,3156.0
09/30/2021 20:25:00,EDT,Natural Gas,3606.0
09/30/2021 20:25:00,EDT,Nuclear,3251.0
09/30/2021 20:25:00,EDT,Other Fossil Fuels,3.0
09/30/2021 20:25:00,EDT,Other Renewables,232.0
09/30/2021 20:25:00,EDT,Wind,128.0
09/30/2021 20:25:00,EDT,Hydro,3346.0
09/30/2021 20:30:00,EDT,Dual Fuel,3127.0
09/30/2021 20:30:00,EDT,Natural Gas,3580.0
09/30/2021 20:30:00,EDT,Nuclear,3255.0
09/30/2021 20:30:00,EDT,Other Fossil Fuels,3.0
09/30/2021 20:30:00,EDT,Other Renewables,229.0
09/30/2021 20:30:00,EDT,Wind,132.0
09/30/2021 20:30:00,EDT,Hydro,3330.0
09/30/2021 20:35:00,EDT,Dual Fuel,3097.0
09/30/2021 20:35:00,EDT,Natural Gas,3558.0
09/30/2021 20:35:00,EDT,Nuclear,3255.0
09/30/2021 20:35:00,EDT,Other Fossil Fuels,3.0
09/30/2021 20:35:00,EDT,Other Renewables,225.0
09/30/2021 20:35:00,EDT,Wind,136.0
09/30/2021 20:35:00,EDT,Hydro,3328.0
09/30/2021 20:40:00,EDT,Dual Fuel,3068.0
09/30/2021 20:40:00,EDT,Natural Gas,3531.0
09/30/2021 20:40:00,EDT,Nuclear,3253.0
09/30/2021 20:40:00,EDT,Other Fossil Fuels,3.0
09/30/2021 20:40:00,EDT,Other Renewables,232.0
09/30/2021 20:40:00,EDT,Wind,141.0
09/30/2021 20:40:00,EDT,Hydro,3355.0
09/30/2021 20:45:00,EDT,Dual Fuel,3064.0
09/30/2021 20:45:00,EDT,Natural Gas,3498.0
09/30/2021 20:45:00,EDT,Nuclear,3251.0
09/30/2021 20:45:00,EDT,Other Fossil Fuels,3.0
09/30/2021 20:45:00,EDT,Other Renewables,230.0
09/30/2021 20:45:00,EDT,Wind,152.0
09/30/2021 20:45:00,EDT,Hydro,3359.0
09/30/2021 20:50:00,EDT,Dual Fuel,3058.0
09/30/2021 20:50:00,EDT,Natural Gas,3489.0
09/30/2021 20:50:00,EDT,Nuclear,3254.0
09/30/2021 20:50:00,EDT,Other Fossil Fuels,3.0
09/30/2021 20:50:00,EDT,Other Renewables,228.0
09/30/2021 20:50:00,EDT,Wind,162.0
09/30/2021 20:50:00,EDT,Hydro,3344.0
09/30/2021 20:55:00,EDT,Dual Fuel,2998.0
09/30/2021 20:55:00,EDT,Natural Gas,3487.0
09/30/2021 20:55:00,EDT,Nuclear,3253.0
09/30/2021 20:55:00,EDT,Other Fossil Fuels,3.0
09/30/2021 20:55:00,EDT,Other Renewables,231.0
09/30/2021 20:55:00,EDT,Wind,170.0
09/30/2021 20:55:00,EDT,Hydro,3284.0
09/30/2021 21:00:00,EDT,Dual Fuel,2888.0
09/30/2021 21:00:00,EDT,Natural Gas,3488.0
09/30/2021 21:00:00,EDT,Nuclear,3254.0
09/30/2021 21:00:00,EDT,Other Fossil Fuels,3.0
09/30/2021 21:00:00,EDT,Other Renewables,232.0
09/30/2021 21:00:00,EDT,Wind,175.0
09/30/2021 21:00:00,EDT,Hydro,3285.0
09/30/2021 21:05:00,EDT,Dual Fuel,2860.0
09/30/2021 21:05:00,EDT,Natural Gas,3462.0
09/30/2021 21:05:00,EDT,Nuclear,3254.0
09/30/2021 21:05:00,EDT,Other Fossil Fuels,3.0
09/30/2021 21:05:00,EDT,Other Renewables,234.0
09/30/2021 21:05:00,EDT,Wind,177.0
09/30/2021 21:05:00,EDT,Hydro,3239.0
09/30/2021 21:10:00,EDT,Dual Fuel,2799.0
09/30/2021 21:10:00,EDT,Natural Gas,3423.0
09/30/2021 21:10:00,EDT,Nuclear,3252.0
09/30/2021 21:10:00,EDT,Other Fossil Fuels,3.0
09/30/2021 21:10:00,EDT,Other Renewables,234.0
09/30/2021 21:10:00,EDT,Wind,176.0
09/30/2021 21:10:00,EDT,Hydro,3182.0
09/30/2021 21:15:00,EDT,Dual Fuel,2763.0
09/30/2021 21:15:00,EDT,Natural Gas,3387.0
09/30/2021 21:15:00,EDT,Nuclear,3252.0
09/30/2021 21:15:00,EDT,Other Fossil Fuels,3.0
09/30/2021 21:15:00,EDT,Other Renewables,233.0
09/30/2021 21:15:00,EDT,Wind,176.0
09/30/2021 21:15:00,EDT,Hydro,3144.0
09/30/2021 21:20:00,EDT,Dual Fuel,2786.0
09/30/2021 21:20:00,EDT,Natural Gas,3386.0
09/30/2021 21:20:00,EDT,Nuclear,3254.0
09/30/2021 21:20:00,EDT,Other Fossil Fuels,3.0
09/30/2021 21:20:00,EDT,Other Renewables,231.0
09/30/2021 21:20:00,EDT,Wind,180.0
09/30/2021 21:20:00,EDT,Hydro,3174.0
09/30/2021 21:25:00,EDT,Dual Fuel,2762.0
09/30/2021 21:25:00,EDT,Natural Gas,3363.0
09/30/2021 21:25:00,EDT,Nuclear,3253.0
09/30/2021 21:25:00,EDT,Other Fossil Fuels,3.0
09/30/2021 21:25:00,EDT,Other Renewables,228.0
09/30/2021 21:25:00,EDT,Wind,185.0
09/30/2021 21:25:00,EDT,Hydro,3122.0
09/30/2021 21:30:00,EDT,Dual Fuel,2771.0
09/30/2021 21:30:00,EDT,Natural Gas,3320.0
09/30/2021 21:30:00,EDT,Nuclear,3255.0
09/30/2021 21:30:00,EDT,Other Fossil Fuels,3.0
09/30/2021 21:30:00,EDT,Other Renewables,229.0
09/30/2021 21:30:00,EDT,Wind,187.0
09/30/2021 21:30:00,EDT,Hydro,3108.0
09/30/2021 21:35:00,EDT,Dual Fuel,2756.0
09/30/2021 21:35:00,EDT,Natural Gas,3262.0
09/30/2021 21:35:00,EDT,Nuclear,3253.0
09/30/2021 21:35:00,EDT,Other Fossil Fuels,3.0
09/30/2021 21:35:00,EDT,Other Renewables,232.0
09/30/2021 21:35:00,EDT,Wind,193.0
09/30/2021 21:35:00,EDT,Hydro,3109.0
09/30/2021 21:40:00,EDT,Dual Fuel,2696.0
09/30/2021 21:40:00,EDT,Natural Gas,3221.0
09/30/2021 21:40:00,EDT,Nuclear,3254.0
09/30/2021 21:40:00,EDT,Other Fossil Fuels,3.0
09/30/2021 21:40:00,EDT,Other Renewables,235.0
09/30/2021 21:40:00,EDT,Wind,196.0
09/30/2021 21:40:00,EDT,Hydro,3108.0
09/30/2021 21:45:00,EDT,Dual Fuel,2632.0
09/30/2021 21:45:00,EDT,Natural Gas,3178.0
09/30/2021 21:45:00,EDT,Nuclear,3253.0
09/30/2021 21:45:00,EDT,Other Fossil Fuels,3.0
09/30/2021 21:45:00,EDT,Other Renewables,235.0
09/30/2021 21:45:00,EDT,Wind,196.0
09/30/2021 21:45:00,EDT,Hydro,3096.0
09/30/2021 21:50:00,EDT,Dual Fuel,2583.0
09/30/2021 21:50:00,EDT,Natural Gas,3127.0
09/30/2021 21:50:00,EDT,Nuclear,3254.0
09/30/2021 21:50:00,EDT,Other Fossil Fuels,3.0
09/30/2021 21:50:00,EDT,Other Renewables,233.0
09/30/2021 21:50:00,EDT,Wind,190.0
09/30/2021 21:50:00,EDT,Hydro,3078.0
09/30/2021 21:55:00,EDT,Dual Fuel,2553.0
09/30/2021 21:55:00,EDT,Natural Gas,3132.0
09/30/2021 21:55:00,EDT,Nuclear,3255.0
09/30/2021 21:55:00,EDT,Other Fossil Fuels,3.0
09/30/2021 21:55:00,EDT,Other Renewables,234.0
09/30/2021 21:55:00,EDT,Wind,189.0
09/30/2021 21:55:00,EDT,Hydro,3062.0
09/30/2021 22:00:00,EDT,Dual Fuel,2580.0
09/30/2021 22:00:00,EDT,Natural Gas,3154.0
09/30/2021 22:00:00,EDT,Nuclear,3255.0
09/30/2021 22:00:00,EDT,Other Fossil Fuels,3.0
09/30/2021 22:00:00,EDT,Other Renewables,234.0
09/30/2021 22:00:00,EDT,Wind,190.0
09/30/2021 22:00:00,EDT,Hydro,2953.0
09/30/2021 22:05:00,EDT,Dual Fuel,2627.0
09/30/2021 22:05:00,EDT,Natural Gas,3144.0
09/30/2021 22:05:00,EDT,Nuclear,3252.0
09/30/2021 22:05:00,EDT,Other Fossil Fuels,3.0
09/30/2021 22:05:00,EDT,Other Renewables,229.0
09/30/2021 22:05:00,EDT,Wind,180.0
09/30/2021 22:05:00,EDT,Hydro,2853.0
09/30/2021 22:10:00,EDT,Dual Fuel,2631.0
09/30/2021 22:10:00,EDT,Natural Gas,3099.0
09/30/2021 22:10:00,EDT,Nuclear,3253.0
09/30/2021 22:10:00,EDT,Other Fossil Fuels,3.0
09/30/2021 22:10:00,EDT,Other Renewables,232.0
09/30/2021 22:10:00,EDT,Wind,173.0
09/30/2021 22:10:00,EDT,Hydro,2809.0
09/30/2021 22:15:00,EDT,Dual Fuel,2622.0
09/30/2021 22:15:00,EDT,Natural Gas,3035.0
09/30/2021 22:15:00,EDT,Nuclear,3252.0
09/30/2021 22:15:00,EDT,Other Fossil Fuels,3.0
09/30/2021 22:15:00,EDT,Other Renewables,231.0
09/30/2021 22:15:00,EDT,Wind,171.0
09/30/2021 22:15:00,EDT,Hydro,2741.0
09/30/2021 22:20:00,EDT,Dual Fuel,2608.0
09/30/2021 22:20:00,EDT,Natural Gas,3011.0
09/30/2021 22:20:00,EDT,Nuclear,3254.0
09/30/2021 22:20:00,EDT,Other Fossil Fuels,3.0
09/30/2021 22:20:00,EDT,Other Renewables,231.0
09/30/2021 22:20:00,EDT,Wind,175.0
09/30/2021 22:20:00,EDT,Hydro,2694.0
09/30/2021 22:25:00,EDT,Dual Fuel,2589.0
09/30/2021 22:25:00,EDT,Natural Gas,2948.0
09/30/2021 22:25:00,EDT,Nuclear,3253.0
09/30/2021 22:25:00,EDT,Other Fossil Fuels,3.0
09/30/2021 22:25:00,EDT,Other Renewables,230.0
09/30/2021 22:25:00,EDT,Wind,182.0
09/30/2021 22:25:00,EDT,Hydro,2715.0
09/30/2021 22:30:00,EDT,Dual Fuel,2560.0
09/30/2021 22:30:00,EDT,Natural Gas,2913.0
09/30/2021 22:30:00,EDT,Nuclear,3254.0
09/30/2021 22:30:00,EDT,Other Fossil Fuels,3.0
09/30/2021 22:30:00,EDT,Other Renewables,231.0
09/30/2021 22:30:00,EDT,Wind,186.0
09/30/2021 22:30:00,EDT,Hydro,2643.0
09/30/2021 22:35:00,EDT,Dual Fuel,2562.0
09/30/2021 22:35:00,EDT,Natural Gas,2941.0
09/30/2021 22:35:00,EDT,Nuclear,3254.0
09/30/2021 22:35:00,EDT,Other Fossil Fuels,3.0
09/30/2021 22:35:00,EDT,Other Renewables,229.0
09/30/2021 22:35:00,EDT,Wind,193.0
09/30/2021 22:35:00,EDT,Hydro,2558.0
09/30/2021 22:40:00,EDT,Dual Fuel,2607.0
09/30/2021 22:40:00,EDT,Natural Gas,2949.0
09/30/2021 22:40:00,EDT,Nuclear,3254.0
09/30/2021 22:40:00,EDT,Other Fossil Fuels,3.0
09/30/2021 22:40:00,EDT,Other Renewables,229.0
09/30/2021 22:40:00,EDT,Wind,201.0
09/30/2021 22:40:00,EDT,Hydro,2495.0
09/30/2021 22:45:00,EDT,Dual Fuel,2562.0
09/30/2021 22:45:00,EDT,Natural Gas,2943.0
09/30/2021 22:45:00,EDT,Nuclear,3255.0
09/30/2021 22:45:00,EDT,Other Fossil Fuels,3.0
09/30/2021 22:45:00,EDT,Other Renewables,230.0
09/30/2021 22:45:00,EDT,Wind,207.0
09/30/2021 22:45:00,EDT,Hydro,2333.0
09/30/2021 22:50:00,EDT,Dual Fuel,2528.0
09/30/2021 22:50:00,EDT,Natural Gas,2926.0
09/30/2021 22:50:00,EDT,Nuclear,3254.0
09/30/2021 22:50:00,EDT,Other Fossil Fuels,3.0
09/30/2021 22:50:00,EDT,Other Renewables,234.0
09/30/2021 22:50:00,EDT,Wind,208.0
09/30/2021 22:50:00,EDT,Hydro,2304.0
09/30/2021 22:55:00,EDT,Dual Fuel,2368.0
09/30/2021 22:55:00,EDT,Natural Gas,2884.0
09/30/2021 22:55:00,EDT,Nuclear,3254.0
09/30/2021 22:55:00,EDT,Other Fossil Fuels,3.0
09/30/2021 22:55:00,EDT,Other Renewables,233.0
09/30/2021 22:55:00,EDT,Wind,200.0
09/30/2021 22:55:00,EDT,Hydro,2397.0
09/30/2021 23:00:00,EDT,Dual Fuel,2309.0
09/30/2021 23:00:00,EDT,Natural Gas,2859.0
09/30/2021 23:00:00,EDT,Nuclear,3254.0
09/30/2021 23:00:00,EDT,Other Fossil Fuels,3.0
09/30/2021 23:00:00,EDT,Other Renewables,233.0
09/30/2021 23:00:00,EDT,Wind,184.0
09/30/2021 23:00:00,EDT,Hydro,2444.0
09/30/2021 23:05:00,EDT,Dual Fuel,2292.0
09/30/2021 23:05:00,EDT,Natural Gas,2866.0
09/30/2021 23:05:00,EDT,Nuclear,3253.0
09/30/2021 23:05:00,EDT,Other Fossil Fuels,3.0
09/30/2021 23:05:00,EDT,Other Renewables,233.0
09/30/2021 23:05:00,EDT,Wind,181.0
09/30/2021 23:05:00,EDT,Hydro,2335.0
09/30/2021 23:10:00,EDT,Dual Fuel,2249.0
09/30/2021 23:10:00,EDT,Natural Gas,2896.0
09/30/2021 23:10:00,EDT,Nuclear,3254.0
09/30/2021 23:10:00,EDT,Other Fossil Fuels,3.0
09/30/2021 23:10:00,EDT,Other Renewables,232.0
09/30/2021 23:10:00,EDT,Wind,175.0
09/30/2021 23:10:00,EDT,Hydro,2206.0
09/30/2021 23:15:00,EDT,Dual Fuel,2226.0
09/30/2021 23:15:00,EDT,Natural Gas,2880.0
09/30/2021 23:15:00,EDT,Nuclear,3255.0
09/30/2021 23:15:00,EDT,Other Fossil Fuels,3.0
09/30/2021 23:15:00,EDT,Other Renewables,230.0
09/30/2021 23:15:00,EDT,Wind,183.0
09/30/2021 23:15:00,EDT,Hydro,2125.0
09/30/2021 23:20:00,EDT,Dual Fuel,2200.0
09/30/2021 23:20:00,EDT,Natural Gas,2830.0
09/30/2021 23:20:00,EDT,Nuclear,3253.0
09/30/2021 23:20:00,EDT,Other Fossil Fuels,3.0
09/30/2021 23:20:00,EDT,Other Renewables,231.0
09/30/2021 23:20:00,EDT,Wind,190.0
09/30/2021 23:20:00,EDT,Hydro,2144.0
09/30/2021 23:25:00,EDT,Dual Fuel,2186.0
09/30/2021 23:25:00,EDT,Natural Gas,2781.0
09/30/2021 23:25:00,EDT,Nuclear,3253.0
09/30/2021 23:25:00,EDT,Other Fossil Fuels,3.0
09/30/2021 23:25:00,EDT,Other Renewables,233.0
09/30/2021 23:25:00,EDT,Wind,194.0
09/30/2021 23:25:00,EDT,Hydro,2151.0
09/30/2021 23:30:00,EDT,Dual Fuel,2174.0
09/30/2021 23:30:00,EDT,Natural Gas,2770.0
09/30/2021 23:30:00,EDT,Nuclear,3253.0
09/30/2021 23:30:00,EDT,Other Fossil Fuels,3.0
09/30/2021 23:30:00,EDT,Other Renewables,232.0
09/30/2021 23:30:00,EDT,Wind,186.0
09/30/2021 23:30:00,EDT,Hydro,2127.0
09/30/2021 23:35:00,EDT,Dual Fuel,2161.0
09/30/2021 23:35:00,EDT,Natural Gas,2783.0
09/30/2021 23:35:00,EDT,Nuclear,3253.0
09/30/2021 23:35:00,EDT,Other Fossil Fuels,3.0
09/30/2021 23:35:00,EDT,Other Renewables,231.0
09/30/2021 23:35:00,EDT,Wind,183.0
09/30/2021 23:35:00,EDT,Hydro,2103.0
09/30/2021 23:40:00,EDT,Dual Fuel,2143.0
09/30/2021 23:40:00,EDT,Natural Gas,2740.0
09/30/2021 23:40:00,EDT,Nuclear,3254.0
09/30/2021 23:40:00,EDT,Other Fossil Fuels,3.0
09/30/2021 23:40:00,EDT,Other Renewables,230.0
09/30/2021 23:40:00,EDT,Wind,180.0
09/30/2021 23:40:00,EDT,Hydro,2114.0
09/30/2021 23:45:00,EDT,Dual Fuel,2121.0
09/30/2021 23:45:00,EDT,Natural Gas,2693.0
09/30/2021 23:45:00,EDT,Nuclear,3252.0
09/30/2021 23:45:00,EDT,Other Fossil Fuels,3.0
09/30/2021 23:45:00,EDT,Other Renewables,232.0
09/30/2021 23:45:00,EDT,Wind,179.0
09/30/2021 23:45:00,EDT,Hydro,2141.0
09/30/2021 23:50:00,EDT,Dual Fuel,2097.0
09/30/2021 23:50:00,EDT,Natural Gas,2678.0
09/30/2021 23:50:00,EDT,Nuclear,3254.0
09/30/2021 23:50:00,EDT,Other Fossil Fuels,3.0
09/30/2021 23:50:00,EDT,Other Renewables,234.0
09/30/2021 23:50:00,EDT,Wind,183.0
09/30/2021 23:50:00,EDT,Hydro,2093.0
09/30/2021 23:55:00,EDT,Dual Fuel,2110.0
09/30/2021 23:55:00,EDT,Natural Gas,2640.0
09/30/2021 23:55:00,EDT,Nuclear,3253.0
09/30/2021 23:55:00,EDT,Other Fossil Fuels,3.0
09/30/2021 23:55:00,EDT,Other Renewables,233.0
09/30/2021 23:55:00,EDT,Wind,187.0
09/30/2021 23:55:00,EDT,Hydro,2022.0
10/01/2021 00:00:00,EDT,Dual Fuel,2162.0
10/01/2021 00:00:00,EDT,Natural Gas,2555.0
10/01/2021 00:00:00,EDT,Nuclear,3254.0
10/01/2021 00:00:00,EDT,Other Fossil Fuels,3.0
10/01/2021 00:00:00,EDT,Other Renewables,232.0
10/01/2021 00:00:00,EDT,Wind,194.0
10/01/2021 00:00:00,EDT,Hydro,2077.0