datetime_beginning_utc,datetime_beginning_ept,nerc_region,mkt_region,zone,load_area,mw,is_verified
10/14/2021 4:00:00 AM,10/14/2021 12:00:00 AM,RFC,MIDATL,AE,AECO,834.445,False
10/14/2021 4:00:00 AM,10/14/2021 12:00:00 AM,RFC,WEST,AEP,AEPAPT,3408.357,True
10/14/2021 4:00:00 AM,10/14/2021 12:00:00 AM,RFC,WEST,AEP,AEPIMP,2643.412,True
10/14/2021 4:00:00 AM,10/14/2021 12:00:00 AM,RFC,WEST,AEP,AEPKPT,432.476,True
10/14/2021 4:00:00 AM,10/14/2021 12:00:00 AM,RFC,WEST,AEP,AEPOPT,5370.956,True
10/14/2021 4:00:00 AM,10/14/2021 12:00:00 AM,RFC,WEST,AP,AP,4346.735,True
10/14/2021 4:00:00 AM,10/14/2021 12:00:00 AM,RFC,MIDATL,BC,BC,2669.300,False
10/14/2021 4:00:00 AM,10/14/2021 12:00:00 AM,RFC,WEST,CE,CE,9241.474,True
10/14/2021 4:00:00 AM,10/14/2021 12:00:00 AM,RFC,WEST,DAY,DAY,1675.000,False
10/14/2021 4:00:00 AM,10/14/2021 12:00:00 AM,RFC,WEST,DEOK,DEOK,2579.966,False
10/14/2021 4:00:00 AM,10/14/2021 12:00:00 AM,SERC,SOUTH,DOM,DOM,9799.100,False
10/14/2021 4:00:00 AM,10/14/2021 12:00:00 AM,RFC,MIDATL,DPL,DPLCO,1522.233,False
10/14/2021 4:00:00 AM,10/14/2021 12:00:00 AM,RFC,WEST,DUQ,DUQ,1171.012,False
10/14/2021 4:00:00 AM,10/14/2021 12:00:00 AM,RFC,MIDATL,DPL,EASTON,18.987,False
10/14/2021 4:00:00 AM,10/14/2021 12:00:00 AM,SERC,WEST,EKPC,EKPC,1183.846,False
10/14/2021 4:00:00 AM,10/14/2021 12:00:00 AM,RFC,MIDATL,JC,JC,1933.852,False
10/14/2021 4:00:00 AM,10/14/2021 12:00:00 AM,RFC,MIDATL,ME,ME,1406.617,False
10/14/2021 4:00:00 AM,10/14/2021 12:00:00 AM,RFC,WEST,ATSI,OE,5764.814,True
10/14/2021 4:00:00 AM,10/14/2021 12:00:00 AM,RFC,WEST,OVEC,OVEC,23.000,False
10/14/2021 4:00:00 AM,10/14/2021 12:00:00 AM,RFC,WEST,ATSI,PAPWR,483.997,False
10/14/2021 4:00:00 AM,10/14/2021 12:00:00 AM,RFC,MIDATL,PE,PE,3389.580,False
10/14/2021 4:00:00 AM,10/14/2021 12:00:00 AM,RFC,MIDATL,PEP,PEPCO,2232.708,False
10/14/2021 4:00:00 AM,10/14/2021 12:00:00 AM,RFC,MIDATL,PL,PLCO,3497.231,False
10/14/2021 4:00:00 AM,10/14/2021 12:00:00 AM,RFC,MIDATL,PN,PN,1590.049,False
10/14/2021 4:00:00 AM,10/14/2021 12:00:00 AM,RFC,MIDATL,PS,PS,4020.092,False
10/14/2021 4:00:00 AM,10/14/2021 12:00:00 AM,RFC,MIDATL,RECO,RECO,122.923,False
10/14/2021 4:00:00 AM,10/14/2021 12:00:00 AM,RFC,MIDATL,PEP,SMECO,262.062,False
10/14/2021 4:00:00 AM,10/14/2021 12:00:00 AM,RFC,MIDATL,PL,UGI,80.716,False
10/14/2021 4:00:00 AM,10/14/2021 12:00:00 AM,RFC,MIDATL,AE,VMEU,69.263,False
10/14/2021 4:00:00 AM,10/14/2021 12:00:00 AM,RTO,RTO,RTO,RTO,71774.203,False
10/14/2021 5:00:00 AM,10/14/2021 1:00:00 AM,RFC,MIDATL,AE,AECO,816.443,False
10/14/2021 5:00:00 AM,10/14/2021 1:00:00 AM,RFC,WEST,AEP,AEPAPT,3270.166,True
10/14/2021 5:00:00 AM,10/14/2021 1:00:00 AM,RFC,WEST,AEP,AEPIMP,2587.926,True
10/14/2021 5:00:00 AM,10/14/2021 1:00:00 AM,RFC,WEST,AEP,AEPKPT,411.210,True
10/14/2021 5:00:00 AM,10/14/2021 1:00:00 AM,RFC,WEST,AEP,AEPOPT,5235.719,True
10/14/2021 5:00:00 AM,10/14/2021 1:00:00 AM,RFC,WEST,AP,AP,4178.754,True
10/14/2021 5:00:00 AM,10/14/2021 1:00:00 AM,RFC,MIDATL,BC,BC,2538.787,False
10/14/2021 5:00:00 AM,10/14/2021 1:00:00 AM,RFC,WEST,CE,CE,8889.072,True
10/14/2021 5:00:00 AM,10/14/2021 1:00:00 AM,RFC,WEST,DAY,DAY,1613.000,False
10/14/2021 5:00:00 AM,10/14/2021 1:00:00 AM,RFC,WEST,DEOK,DEOK,2479.356,False
10/14/2021 5:00:00 AM,10/14/2021 1:00:00 AM,SERC,SOUTH,DOM,DOM,9372.536,False
10/14/2021 5:00:00 AM,10/14/2021 1:00:00 AM,RFC,MIDATL,DPL,DPLCO,1454.134,False
10/14/2021 5:00:00 AM,10/14/2021 1:00:00 AM,RFC,WEST,DUQ,DUQ,1127.899,False
10/14/2021 5:00:00 AM,10/14/2021 1:00:00 AM,RFC,MIDATL,DPL,EASTON,17.978,False
10/14/2021 5:00:00 AM,10/14/2021 1:00:00 AM,SERC,WEST,EKPC,EKPC,1114.640,False
10/14/2021 5:00:00 AM,10/14/2021 1:00:00 AM,RFC,MIDATL,JC,JC,1828.207,False
10/14/2021 5:00:00 AM,10/14/2021 1:00:00 AM,RFC,MIDATL,ME,ME,1360.608,False
10/14/2021 5:00:00 AM,10/14/2021 1:00:00 AM,RFC,WEST,ATSI,OE,5663.667,True
10/14/2021 5:00:00 AM,10/14/2021 1:00:00 AM,RFC,WEST,OVEC,OVEC,21.000,False
10/14/2021 5:00:00 AM,10/14/2021 1:00:00 AM,RFC,WEST,ATSI,PAPWR,467.128,False
10/14/2021 5:00:00 AM,10/14/2021 1:00:00 AM,RFC,MIDATL,PE,PE,3232.392,False
10/14/2021 5:00:00 AM,10/14/2021 1:00:00 AM,RFC,MIDATL,PEP,PEPCO,2128.556,False
10/14/2021 5:00:00 AM,10/14/2021 1:00:00 AM,RFC,MIDATL,PL,PLCO,3401.769,False
10/14/2021 5:00:00 AM,10/14/2021 1:00:00 AM,RFC,MIDATL,PN,PN,1550.170,False
10/14/2021 5:00:00 AM,10/14/2021 1:00:00 AM,RFC,MIDATL,PS,PS,3834.391,False
10/14/2021 5:00:00 AM,10/14/2021 1:00:00 AM,RFC,MIDATL,RECO,RECO,117.331,False
10/14/2021 5:00:00 AM,10/14/2021 1:00:00 AM,RFC,MIDATL,PEP,SMECO,244.842,False
10/14/2021 5:00:00 AM,10/14/2021 1:00:00 AM,RFC,MIDATL,PL,UGI,76.082,False
10/14/2021 5:00:00 AM,10/14/2021 1:00:00 AM,RFC,MIDATL,AE,VMEU,66.691,False
10/14/2021 5:00:00 AM,10/14/2021 1:00:00 AM,RTO,RTO,RTO,RTO,69100.454,False
10/14/2021 6:00:00 AM,10/14/2021 2:00:00 AM,RFC,MIDATL,AE,AECO,787.507,False
10/14/2021 6:00:00 AM,10/14/2021 2:00:00 AM,RFC,WEST,AEP,AEPAPT,3216.303,True
10/14/2021 6:00:00 AM,10/14/2021 2:00:00 AM,RFC,WEST,AEP,AEPIMP,2477.000,True
10/14/2021 6:00:00 AM,10/14/2021 2:00:00 AM,RFC,WEST,AEP,AEPKPT,399.952,True
10/14/2021 6:00:00 AM,10/14/2021 2:00:00 AM,RFC,WEST,AEP,AEPOPT,5047.991,True
10/14/2021 6:00:00 AM,10/14/2021 2:00:00 AM,RFC,WEST,AP,AP,4114.093,True
10/14/2021 6:00:00 AM,10/14/2021 2:00:00 AM,RFC,MIDATL,BC,BC,2459.084,False
10/14/2021 6:00:00 AM,10/14/2021 2:00:00 AM,RFC,WEST,CE,CE,8636.387,True
10/14/2021 6:00:00 AM,10/14/2021 2:00:00 AM,RFC,WEST,DAY,DAY,1579.000,False
10/14/2021 6:00:00 AM,10/14/2021 2:00:00 AM,RFC,WEST,DEOK,DEOK,2394.832,False
10/14/2021 6:00:00 AM,10/14/2021 2:00:00 AM,SERC,SOUTH,DOM,DOM,9171.849,False
10/14/2021 6:00:00 AM,10/14/2021 2:00:00 AM,RFC,MIDATL,DPL,DPLCO,1416.685,False
10/14/2021 6:00:00 AM,10/14/2021 2:00:00 AM,RFC,WEST,DUQ,DUQ,1097.406,False
10/14/2021 6:00:00 AM,10/14/2021 2:00:00 AM,RFC,MIDATL,DPL,EASTON,18.015,False
10/14/2021 6:00:00 AM,10/14/2021 2:00:00 AM,SERC,WEST,EKPC,EKPC,1074.337,False
10/14/2021 6:00:00 AM,10/14/2021 2:00:00 AM,RFC,MIDATL,JC,JC,1762.879,False
10/14/2021 6:00:00 AM,10/14/2021 2:00:00 AM,RFC,MIDATL,ME,ME,1348.552,False
10/14/2021 6:00:00 AM,10/14/2021 2:00:00 AM,RFC,WEST,ATSI,OE,5547.019,True
10/14/2021 6:00:00 AM,10/14/2021 2:00:00 AM,RFC,WEST,OVEC,OVEC,20.000,False
10/14/2021 6:00:00 AM,10/14/2021 2:00:00 AM,RFC,WEST,ATSI,PAPWR,459.592,False
10/14/2021 6:00:00 AM,10/14/2021 2:00:00 AM,RFC,MIDATL,PE,PE,3154.503,False
10/14/2021 6:00:00 AM,10/14/2021 2:00:00 AM,RFC,MIDATL,PEP,PEPCO,2065.893,False
10/14/2021 6:00:00 AM,10/14/2021 2:00:00 AM,RFC,MIDATL,PL,PLCO,3316.636,False
10/14/2021 6:00:00 AM,10/14/2021 2:00:00 AM,RFC,MIDATL,PN,PN,1505.100,False
10/14/2021 6:00:00 AM,10/14/2021 2:00:00 AM,RFC,MIDATL,PS,PS,3736.146,False
10/14/2021 6:00:00 AM,10/14/2021 2:00:00 AM,RFC,MIDATL,RECO,RECO,113.984,False
10/14/2021 6:00:00 AM,10/14/2021 2:00:00 AM,RFC,MIDATL,PEP,SMECO,236.116,False
10/14/2021 6:00:00 AM,10/14/2021 2:00:00 AM,RFC,MIDATL,PL,UGI,74.742,False
10/14/2021 6:00:00 AM,10/14/2021 2:00:00 AM,RFC,MIDATL,AE,VMEU,65.270,False
10/14/2021 6:00:00 AM,10/14/2021 2:00:00 AM,RTO,RTO,RTO,RTO,67296.873,False
10/14/2021 7:00:00 AM,10/14/2021 3:00:00 AM,RFC,MIDATL,AE,AECO,777.369,False
10/14/2021 7:00:00 AM,10/14/2021 3:00:00 AM,RFC,WEST,AEP,AEPAPT,3191.336,True
10/14/2021 7:00:00 AM,10/14/2021 3:00:00 AM,RFC,WEST,AEP,AEPIMP,2446.044,True
10/14/2021 7:00:00 AM,10/14/2021 3:00:00 AM,RFC,WEST,AEP,AEPKPT,391.824,True
10/14/2021 7:00:00 AM,10/14/2021 3:00:00 AM,RFC,WEST,AEP,AEPOPT,4992.794,True
10/14/2021 7:00:00 AM,10/14/2021 3:00:00 AM,RFC,WEST,AP,AP,4095.741,True
10/14/2021 7:00:00 AM,10/14/2021 3:00:00 AM,RFC,MIDATL,BC,BC,2420.447,False
10/14/2021 7:00:00 AM,10/14/2021 3:00:00 AM,RFC,WEST,CE,CE,8475.457,True
10/14/2021 7:00:00 AM,10/14/2021 3:00:00 AM,RFC,WEST,DAY,DAY,1573.000,False
10/14/2021 7:00:00 AM,10/14/2021 3:00:00 AM,RFC,WEST,DEOK,DEOK,2371.819,False
10/14/2021 7:00:00 AM,10/14/2021 3:00:00 AM,SERC,SOUTH,DOM,DOM,9055.868,False
10/14/2021 7:00:00 AM,10/14/2021 3:00:00 AM,RFC,MIDATL,DPL,DPLCO,1402.688,False
10/14/2021 7:00:00 AM,10/14/2021 3:00:00 AM,RFC,WEST,DUQ,DUQ,1081.481,False
10/14/2021 7:00:00 AM,10/14/2021 3:00:00 AM,RFC,MIDATL,DPL,EASTON,17.492,False
10/14/2021 7:00:00 AM,10/14/2021 3:00:00 AM,SERC,WEST,EKPC,EKPC,1067.816,False
10/14/2021 7:00:00 AM,10/14/2021 3:00:00 AM,RFC,MIDATL,JC,JC,1744.552,False
10/14/2021 7:00:00 AM,10/14/2021 3:00:00 AM,RFC,MIDATL,ME,ME,1331.828,False
10/14/2021 7:00:00 AM,10/14/2021 3:00:00 AM,RFC,WEST,ATSI,OE,5483.400,True
10/14/2021 7:00:00 AM,10/14/2021 3:00:00 AM,RFC,WEST,OVEC,OVEC,21.000,False
10/14/2021 7:00:00 AM,10/14/2021 3:00:00 AM,RFC,WEST,ATSI,PAPWR,447.409,False
10/14/2021 7:00:00 AM,10/14/2021 3:00:00 AM,RFC,MIDATL,PE,PE,3113.089,False
10/14/2021 7:00:00 AM,10/14/2021 3:00:00 AM,RFC,MIDATL,PEP,PEPCO,2058.156,False
10/14/2021 7:00:00 AM,10/14/2021 3:00:00 AM,RFC,MIDATL,PL,PLCO,3310.412,False
10/14/2021 7:00:00 AM,10/14/2021 3:00:00 AM,RFC,MIDATL,PN,PN,1495.457,False
10/14/2021 7:00:00 AM,10/14/2021 3:00:00 AM,RFC,MIDATL,PS,PS,3689.064,False
10/14/2021 7:00:00 AM,10/14/2021 3:00:00 AM,RFC,MIDATL,RECO,RECO,112.481,False
10/14/2021 7:00:00 AM,10/14/2021 3:00:00 AM,RFC,MIDATL,PEP,SMECO,231.982,False
10/14/2021 7:00:00 AM,10/14/2021 3:00:00 AM,RFC,MIDATL,PL,UGI,73.218,False
10/14/2021 7:00:00 AM,10/14/2021 3:00:00 AM,RFC,MIDATL,AE,VMEU,64.509,False
10/14/2021 7:00:00 AM,10/14/2021 3:00:00 AM,RTO,RTO,RTO,RTO,66537.733,False
10/14/2021 8:00:00 AM,10/14/2021 4:00:00 AM,RFC,MIDATL,AE,AECO,787.557,False
10/14/2021 8:00:00 AM,10/14/2021 4:00:00 AM,RFC,WEST,AEP,AEPAPT,3198.498,True
10/14/2021 8:00:00 AM,10/14/2021 4:00:00 AM,RFC,WEST,AEP,AEPIMP,2541.602,True
10/14/2021 8:00:00 AM,10/14/2021 4:00:00 AM,RFC,WEST,AEP,AEPKPT,393.793,True
10/14/2021 8:00:00 AM,10/14/2021 4:00:00 AM,RFC,WEST,AEP,AEPOPT,5058.151,True
10/14/2021 8:00:00 AM,10/14/2021 4:00:00 AM,RFC,WEST,AP,AP,4085.483,True
10/14/2021 8:00:00 AM,10/14/2021 4:00:00 AM,RFC,MIDATL,BC,BC,2457.791,False
10/14/2021 8:00:00 AM,10/14/2021 4:00:00 AM,RFC,WEST,CE,CE,8426.516,True
10/14/2021 8:00:00 AM,10/14/2021 4:00:00 AM,RFC,WEST,DAY,DAY,1590.000,False
10/14/2021 8:00:00 AM,10/14/2021 4:00:00 AM,RFC,WEST,DEOK,DEOK,2383.396,False
10/14/2021 8:00:00 AM,10/14/2021 4:00:00 AM,SERC,SOUTH,DOM,DOM,9163.151,False
10/14/2021 8:00:00 AM,10/14/2021 4:00:00 AM,RFC,MIDATL,DPL,DPLCO,1419.300,False
10/14/2021 8:00:00 AM,10/14/2021 4:00:00 AM,RFC,WEST,DUQ,DUQ,1101.574,False
10/14/2021 8:00:00 AM,10/14/2021 4:00:00 AM,RFC,MIDATL,DPL,EASTON,17.468,False
10/14/2021 8:00:00 AM,10/14/2021 4:00:00 AM,SERC,WEST,EKPC,EKPC,1027.158,False
10/14/2021 8:00:00 AM,10/14/2021 4:00:00 AM,RFC,MIDATL,JC,JC,1775.644,False
10/14/2021 8:00:00 AM,10/14/2021 4:00:00 AM,RFC,MIDATL,ME,ME,1350.279,False
10/14/2021 8:00:00 AM,10/14/2021 4:00:00 AM,RFC,WEST,ATSI,OE,5598.904,True
10/14/2021 8:00:00 AM,10/14/2021 4:00:00 AM,RFC,WEST,OVEC,OVEC,23.000,False
10/14/2021 8:00:00 AM,10/14/2021 4:00:00 AM,RFC,WEST,ATSI,PAPWR,468.507,False
10/14/2021 8:00:00 AM,10/14/2021 4:00:00 AM,RFC,MIDATL,PE,PE,3185.852,False
10/14/2021 8:00:00 AM,10/14/2021 4:00:00 AM,RFC,MIDATL,PEP,PEPCO,2083.617,False
10/14/2021 8:00:00 AM,10/14/2021 4:00:00 AM,RFC,MIDATL,PL,PLCO,3286.671,False
10/14/2021 8:00:00 AM,10/14/2021 4:00:00 AM,RFC,MIDATL,PN,PN,1533.619,False
10/14/2021 8:00:00 AM,10/14/2021 4:00:00 AM,RFC,MIDATL,PS,PS,3709.059,False
10/14/2021 8:00:00 AM,10/14/2021 4:00:00 AM,RFC,MIDATL,RECO,RECO,114.118,False
10/14/2021 8:00:00 AM,10/14/2021 4:00:00 AM,RFC,MIDATL,PEP,SMECO,238.202,False
10/14/2021 8:00:00 AM,10/14/2021 4:00:00 AM,RFC,MIDATL,PL,UGI,77.255,False
10/14/2021 8:00:00 AM,10/14/2021 4:00:00 AM,RFC,MIDATL,AE,VMEU,67.088,False
10/14/2021 8:00:00 AM,10/14/2021 4:00:00 AM,RTO,RTO,RTO,RTO,67163.253,False
10/14/2021 9:00:00 AM,10/14/2021 5:00:00 AM,RFC,MIDATL,AE,AECO,845.817,False
10/14/2021 9:00:00 AM,10/14/2021 5:00:00 AM,RFC,WEST,AEP,AEPAPT,3323.245,True
10/14/2021 9:00:00 AM,10/14/2021 5:00:00 AM,RFC,WEST,AEP,AEPIMP,2818.586,True
10/14/2021 9:00:00 AM,10/14/2021 5:00:00 AM,RFC,WEST,AEP,AEPKPT,407.350,True
10/14/2021 9:00:00 AM,10/14/2021 5:00:00 AM,RFC,WEST,AEP,AEPOPT,5320.508,True
10/14/2021 9:00:00 AM,10/14/2021 5:00:00 AM,RFC,WEST,AP,AP,4351.684,True
10/14/2021 9:00:00 AM,10/14/2021 5:00:00 AM,RFC,MIDATL,BC,BC,2617.126,False
10/14/2021 9:00:00 AM,10/14/2021 5:00:00 AM,RFC,WEST,CE,CE,8622.422,True
10/14/2021 9:00:00 AM,10/14/2021 5:00:00 AM,RFC,WEST,DAY,DAY,1676.000,False
10/14/2021 9:00:00 AM,10/14/2021 5:00:00 AM,RFC,WEST,DEOK,DEOK,2520.246,False
10/14/2021 9:00:00 AM,10/14/2021 5:00:00 AM,SERC,SOUTH,DOM,DOM,9642.843,False
10/14/2021 9:00:00 AM,10/14/2021 5:00:00 AM,RFC,MIDATL,DPL,DPLCO,1515.449,False
10/14/2021 9:00:00 AM,10/14/2021 5:00:00 AM,RFC,WEST,DUQ,DUQ,1135.739,False
10/14/2021 9:00:00 AM,10/14/2021 5:00:00 AM,RFC,MIDATL,DPL,EASTON,18.916,False
10/14/2021 9:00:00 AM,10/14/2021 5:00:00 AM,SERC,WEST,EKPC,EKPC,1085.906,False
10/14/2021 9:00:00 AM,10/14/2021 5:00:00 AM,RFC,MIDATL,JC,JC,1886.645,False
10/14/2021 9:00:00 AM,10/14/2021 5:00:00 AM,RFC,MIDATL,ME,ME,1458.981,False
10/14/2021 9:00:00 AM,10/14/2021 5:00:00 AM,RFC,WEST,ATSI,OE,5834.244,True
10/14/2021 9:00:00 AM,10/14/2021 5:00:00 AM,RFC,WEST,OVEC,OVEC,21.000,False
10/14/2021 9:00:00 AM,10/14/2021 5:00:00 AM,RFC,WEST,ATSI,PAPWR,483.546,False
10/14/2021 9:00:00 AM,10/14/2021 5:00:00 AM,RFC,MIDATL,PE,PE,3353.247,False
10/14/2021 9:00:00 AM,10/14/2021 5:00:00 AM,RFC,MIDATL,PEP,PEPCO,2195.021,False
10/14/2021 9:00:00 AM,10/14/2021 5:00:00 AM,RFC,MIDATL,PL,PLCO,3615.353,False
10/14/2021 9:00:00 AM,10/14/2021 5:00:00 AM,RFC,MIDATL,PN,PN,1653.199,False
10/14/2021 9:00:00 AM,10/14/2021 5:00:00 AM,RFC,MIDATL,PS,PS,3880.865,False
10/14/2021 9:00:00 AM,10/14/2021 5:00:00 AM,RFC,MIDATL,RECO,RECO,120.546,False
10/14/2021 9:00:00 AM,10/14/2021 5:00:00 AM,RFC,MIDATL,PEP,SMECO,260.442,False
10/14/2021 9:00:00 AM,10/14/2021 5:00:00 AM,RFC,MIDATL,PL,UGI,87.243,False
10/14/2021 9:00:00 AM,10/14/2021 5:00:00 AM,RFC,MIDATL,AE,VMEU,71.504,False
10/14/2021 9:00:00 AM,10/14/2021 5:00:00 AM,RTO,RTO,RTO,RTO,70823.673,False
10/14/2021 10:00:00 AM,10/14/2021 6:00:00 AM,RFC,MIDATL,AE,AECO,897.021,False
10/14/2021 10:00:00 AM,10/14/2021 6:00:00 AM,RFC,WEST,AEP,AEPAPT,3589.580,True
10/14/2021 10:00:00 AM,10/14/2021 6:00:00 AM,RFC,WEST,AEP,AEPIMP,2991.050,True
10/14/2021 10:00:00 AM,10/14/2021 6:00:00 AM,RFC,WEST,AEP,AEPKPT,445.810,True
10/14/2021 10:00:00 AM,10/14/2021 6:00:00 AM,RFC,WEST,AEP,AEPOPT,5808.526,True
10/14/2021 10:00:00 AM,10/14/2021 6:00:00 AM,RFC,WEST,AP,AP,4698.456,True
10/14/2021 10:00:00 AM,10/14/2021 6:00:00 AM,RFC,MIDATL,BC,BC,2899.174,False
10/14/2021 10:00:00 AM,10/14/2021 6:00:00 AM,RFC,WEST,CE,CE,9126.649,True
10/14/2021 10:00:00 AM,10/14/2021 6:00:00 AM,RFC,WEST,DAY,DAY,1857.000,False
10/14/2021 10:00:00 AM,10/14/2021 6:00:00 AM,RFC,WEST,DEOK,DEOK,2761.600,False
10/14/2021 10:00:00 AM,10/14/2021 6:00:00 AM,SERC,SOUTH,DOM,DOM,10504.779,False
10/14/2021 10:00:00 AM,10/14/2021 6:00:00 AM,RFC,MIDATL,DPL,DPLCO,1678.676,False
10/14/2021 10:00:00 AM,10/14/2021 6:00:00 AM,RFC,WEST,DUQ,DUQ,1225.326,False
10/14/2021 10:00:00 AM,10/14/2021 6:00:00 AM,RFC,MIDATL,DPL,EASTON,21.167,False
10/14/2021 10:00:00 AM,10/14/2021 6:00:00 AM,SERC,WEST,EKPC,EKPC,1179.841,False
10/14/2021 10:00:00 AM,10/14/2021 6:00:00 AM,RFC,MIDATL,JC,JC,2087.613,False
10/14/2021 10:00:00 AM,10/14/2021 6:00:00 AM,RFC,MIDATL,ME,ME,1616.607,False
10/14/2021 10:00:00 AM,10/14/2021 6:00:00 AM,RFC,WEST,ATSI,OE,6328.846,True
10/14/2021 10:00:00 AM,10/14/2021 6:00:00 AM,RFC,WEST,OVEC,OVEC,25.000,False
10/14/2021 10:00:00 AM,10/14/2021 6:00:00 AM,RFC,WEST,ATSI,PAPWR,516.597,False
10/14/2021 10:00:00 AM,10/14/2021 6:00:00 AM,RFC,MIDATL,PE,PE,3754.030,False
10/14/2021 10:00:00 AM,10/14/2021 6:00:00 AM,RFC,MIDATL,PEP,PEPCO,2450.324,False
10/14/2021 10:00:00 AM,10/14/2021 6:00:00 AM,RFC,MIDATL,PL,PLCO,4006.555,False
10/14/2021 10:00:00 AM,10/14/2021 6:00:00 AM,RFC,MIDATL,PN,PN,1838.106,False
10/14/2021 10:00:00 AM,10/14/2021 6:00:00 AM,RFC,MIDATL,PS,PS,4236.782,False
10/14/2021 10:00:00 AM,10/14/2021 6:00:00 AM,RFC,MIDATL,RECO,RECO,133.636,False
10/14/2021 10:00:00 AM,10/14/2021 6:00:00 AM,RFC,MIDATL,PEP,SMECO,297.047,False
10/14/2021 10:00:00 AM,10/14/2021 6:00:00 AM,RFC,MIDATL,PL,UGI,95.510,False
10/14/2021 10:00:00 AM,10/14/2021 6:00:00 AM,RFC,MIDATL,AE,VMEU,77.840,False
10/14/2021 10:00:00 AM,10/14/2021 6:00:00 AM,RTO,RTO,RTO,RTO,77149.148,False
10/14/2021 11:00:00 AM,10/14/2021 7:00:00 AM,RFC,MIDATL,AE,AECO,947.816,False
10/14/2021 11:00:00 AM,10/14/2021 7:00:00 AM,RFC,WEST,AEP,AEPAPT,3766.299,True
10/14/2021 11:00:00 AM,10/14/2021 7:00:00 AM,RFC,WEST,AEP,AEPIMP,3094.568,True
10/14/2021 11:00:00 AM,10/14/2021 7:00:00 AM,RFC,WEST,AEP,AEPKPT,472.420,True
10/14/2021 11:00:00 AM,10/14/2021 7:00:00 AM,RFC,WEST,AEP,AEPOPT,6122.038,True
10/14/2021 11:00:00 AM,10/14/2021 7:00:00 AM,RFC,WEST,AP,AP,4884.587,True
10/14/2021 11:00:00 AM,10/14/2021 7:00:00 AM,RFC,MIDATL,BC,BC,3088.020,False
10/14/2021 11:00:00 AM,10/14/2021 7:00:00 AM,RFC,WEST,CE,CE,9975.985,True
10/14/2021 11:00:00 AM,10/14/2021 7:00:00 AM,RFC,WEST,DAY,DAY,2010.000,False
10/14/2021 11:00:00 AM,10/14/2021 7:00:00 AM,RFC,WEST,DEOK,DEOK,2963.981,False
10/14/2021 11:00:00 AM,10/14/2021 7:00:00 AM,SERC,SOUTH,DOM,DOM,10976.353,False
10/14/2021 11:00:00 AM,10/14/2021 7:00:00 AM,RFC,MIDATL,DPL,DPLCO,1772.665,False
10/14/2021 11:00:00 AM,10/14/2021 7:00:00 AM,RFC,WEST,DUQ,DUQ,1290.756,False
10/14/2021 11:00:00 AM,10/14/2021 7:00:00 AM,RFC,MIDATL,DPL,EASTON,23.670,False
10/14/2021 11:00:00 AM,10/14/2021 7:00:00 AM,SERC,WEST,EKPC,EKPC,1256.057,False
10/14/2021 11:00:00 AM,10/14/2021 7:00:00 AM,RFC,MIDATL,JC,JC,2222.373,False
10/14/2021 11:00:00 AM,10/14/2021 7:00:00 AM,RFC,MIDATL,ME,ME,1702.235,False
10/14/2021 11:00:00 AM,10/14/2021 7:00:00 AM,RFC,WEST,ATSI,OE,6791.726,True
10/14/2021 11:00:00 AM,10/14/2021 7:00:00 AM,RFC,WEST,OVEC,OVEC,25.000,False
10/14/2021 11:00:00 AM,10/14/2021 7:00:00 AM,RFC,WEST,ATSI,PAPWR,548.467,False
10/14/2021 11:00:00 AM,10/14/2021 7:00:00 AM,RFC,MIDATL,PE,PE,3970.540,False
10/14/2021 11:00:00 AM,10/14/2021 7:00:00 AM,RFC,MIDATL,PEP,PEPCO,2558.539,False
10/14/2021 11:00:00 AM,10/14/2021 7:00:00 AM,RFC,MIDATL,PL,PLCO,4299.488,False
10/14/2021 11:00:00 AM,10/14/2021 7:00:00 AM,RFC,MIDATL,PN,PN,1948.524,False
10/14/2021 11:00:00 AM,10/14/2021 7:00:00 AM,RFC,MIDATL,PS,PS,4480.135,False
10/14/2021 11:00:00 AM,10/14/2021 7:00:00 AM,RFC,MIDATL,RECO,RECO,146.752,False
10/14/2021 11:00:00 AM,10/14/2021 7:00:00 AM,RFC,MIDATL,PEP,SMECO,315.210,False
10/14/2021 11:00:00 AM,10/14/2021 7:00:00 AM,RFC,MIDATL,PL,UGI,105.299,False
10/14/2021 11:00:00 AM,10/14/2021 7:00:00 AM,RFC,MIDATL,AE,VMEU,82.204,False
10/14/2021 11:00:00 AM,10/14/2021 7:00:00 AM,RTO,RTO,RTO,RTO,81841.707,False
10/14/2021 12:00:00 PM,10/14/2021 8:00:00 AM,RFC,MIDATL,AE,AECO,939.005,False
10/14/2021 12:00:00 PM,10/14/2021 8:00:00 AM,RFC,WEST,AEP,AEPAPT,3831.940,True
10/14/2021 12:00:00 PM,10/14/2021 8:00:00 AM,RFC,WEST,AEP,AEPIMP,3182.980,True
10/14/2021 12:00:00 PM,10/14/2021 8:00:00 AM,RFC,WEST,AEP,AEPKPT,477.546,True
10/14/2021 12:00:00 PM,10/14/2021 8:00:00 AM,RFC,WEST,AEP,AEPOPT,6214.503,True
10/14/2021 12:00:00 PM,10/14/2021 8:00:00 AM,RFC,WEST,AP,AP,4933.337,True
10/14/2021 12:00:00 PM,10/14/2021 8:00:00 AM,RFC,MIDATL,BC,BC,3112.479,False
10/14/2021 12:00:00 PM,10/14/2021 8:00:00 AM,RFC,WEST,CE,CE,10325.856,True
10/14/2021 12:00:00 PM,10/14/2021 8:00:00 AM,RFC,WEST,DAY,DAY,2055.000,False
10/14/2021 12:00:00 PM,10/14/2021 8:00:00 AM,RFC,WEST,DEOK,DEOK,3038.576,False
10/14/2021 12:00:00 PM,10/14/2021 8:00:00 AM,SERC,SOUTH,DOM,DOM,11123.351,False
10/14/2021 12:00:00 PM,10/14/2021 8:00:00 AM,RFC,MIDATL,DPL,DPLCO,1818.584,False
10/14/2021 12:00:00 PM,10/14/2021 8:00:00 AM,RFC,WEST,DUQ,DUQ,1366.488,False
10/14/2021 12:00:00 PM,10/14/2021 8:00:00 AM,RFC,MIDATL,DPL,EASTON,26.707,False
10/14/2021 12:00:00 PM,10/14/2021 8:00:00 AM,SERC,WEST,EKPC,EKPC,1238.164,False
10/14/2021 12:00:00 PM,10/14/2021 8:00:00 AM,RFC,MIDATL,JC,JC,2244.930,False
10/14/2021 12:00:00 PM,10/14/2021 8:00:00 AM,RFC,MIDATL,ME,ME,1728.546,False
10/14/2021 12:00:00 PM,10/14/2021 8:00:00 AM,RFC,WEST,ATSI,OE,6937.707,True
10/14/2021 12:00:00 PM,10/14/2021 8:00:00 AM,RFC,WEST,OVEC,OVEC,24.000,False
10/14/2021 12:00:00 PM,10/14/2021 8:00:00 AM,RFC,WEST,ATSI,PAPWR,565.530,False
10/14/2021 12:00:00 PM,10/14/2021 8:00:00 AM,RFC,MIDATL,PE,PE,4122.305,False
10/14/2021 12:00:00 PM,10/14/2021 8:00:00 AM,RFC,MIDATL,PEP,PEPCO,2676.875,False
10/14/2021 12:00:00 PM,10/14/2021 8:00:00 AM,RFC,MIDATL,PL,PLCO,4364.195,False
10/14/2021 12:00:00 PM,10/14/2021 8:00:00 AM,RFC,MIDATL,PN,PN,1947.007,False
10/14/2021 12:00:00 PM,10/14/2021 8:00:00 AM,RFC,MIDATL,PS,PS,4549.488,False
10/14/2021 12:00:00 PM,10/14/2021 8:00:00 AM,RFC,MIDATL,RECO,RECO,154.746,False
10/14/2021 12:00:00 PM,10/14/2021 8:00:00 AM,RFC,MIDATL,PEP,SMECO,313.493,False
10/14/2021 12:00:00 PM,10/14/2021 8:00:00 AM,RFC,MIDATL,PL,UGI,107.937,False
10/14/2021 12:00:00 PM,10/14/2021 8:00:00 AM,RFC,MIDATL,AE,VMEU,81.081,False
10/14/2021 12:00:00 PM,10/14/2021 8:00:00 AM,RTO,RTO,RTO,RTO,83502.356,False
10/14/2021 1:00:00 PM,10/14/2021 9:00:00 AM,RFC,MIDATL,AE,AECO,919.327,False
10/14/2021 1:00:00 PM,10/14/2021 9:00:00 AM,RFC,WEST,AEP,AEPAPT,3868.664,True
10/14/2021 1:00:00 PM,10/14/2021 9:00:00 AM,RFC,WEST,AEP,AEPIMP,3256.653,True
10/14/2021 1:00:00 PM,10/14/2021 9:00:00 AM,RFC,WEST,AEP,AEPKPT,487.479,True
10/14/2021 1:00:00 PM,10/14/2021 9:00:00 AM,RFC,WEST,AEP,AEPOPT,6338.198,True
10/14/2021 1:00:00 PM,10/14/2021 9:00:00 AM,RFC,WEST,AP,AP,5019.315,True
10/14/2021 1:00:00 PM,10/14/2021 9:00:00 AM,RFC,MIDATL,BC,BC,3188.875,False
10/14/2021 1:00:00 PM,10/14/2021 9:00:00 AM,RFC,WEST,CE,CE,10525.692,True
10/14/2021 1:00:00 PM,10/14/2021 9:00:00 AM,RFC,WEST,DAY,DAY,2130.000,False
10/14/2021 1:00:00 PM,10/14/2021 9:00:00 AM,RFC,WEST,DEOK,DEOK,3162.880,False
10/14/2021 1:00:00 PM,10/14/2021 9:00:00 AM,SERC,SOUTH,DOM,DOM,11222.214,False
10/14/2021 1:00:00 PM,10/14/2021 9:00:00 AM,RFC,MIDATL,DPL,DPLCO,1835.049,False
10/14/2021 1:00:00 PM,10/14/2021 9:00:00 AM,RFC,WEST,DUQ,DUQ,1394.097,False
10/14/2021 1:00:00 PM,10/14/2021 9:00:00 AM,RFC,MIDATL,DPL,EASTON,27.228,False
10/14/2021 1:00:00 PM,10/14/2021 9:00:00 AM,SERC,WEST,EKPC,EKPC,1311.738,False
10/14/2021 1:00:00 PM,10/14/2021 9:00:00 AM,RFC,MIDATL,JC,JC,2259.840,False
10/14/2021 1:00:00 PM,10/14/2021 9:00:00 AM,RFC,MIDATL,ME,ME,1749.773,False
10/14/2021 1:00:00 PM,10/14/2021 9:00:00 AM,RFC,WEST,ATSI,OE,7190.894,True
10/14/2021 1:00:00 PM,10/14/2021 9:00:00 AM,RFC,WEST,OVEC,OVEC,28.000,False
10/14/2021 1:00:00 PM,10/14/2021 9:00:00 AM,RFC,WEST,ATSI,PAPWR,555.044,False
10/14/2021 1:00:00 PM,10/14/2021 9:00:00 AM,RFC,MIDATL,PE,PE,4231.113,False
10/14/2021 1:00:00 PM,10/14/2021 9:00:00 AM,RFC,MIDATL,PEP,PEPCO,2750.087,False
10/14/2021 1:00:00 PM,10/14/2021 9:00:00 AM,RFC,MIDATL,PL,PLCO,4417.506,False
10/14/2021 1:00:00 PM,10/14/2021 9:00:00 AM,RFC,MIDATL,PN,PN,1997.820,False
10/14/2021 1:00:00 PM,10/14/2021 9:00:00 AM,RFC,MIDATL,PS,PS,4638.074,False
10/14/2021 1:00:00 PM,10/14/2021 9:00:00 AM,RFC,MIDATL,RECO,RECO,161.370,False
10/14/2021 1:00:00 PM,10/14/2021 9:00:00 AM,RFC,MIDATL,PEP,SMECO,315.514,False
10/14/2021 1:00:00 PM,10/14/2021 9:00:00 AM,RFC,MIDATL,PL,UGI,109.178,False
10/14/2021 1:00:00 PM,10/14/2021 9:00:00 AM,RFC,MIDATL,AE,VMEU,79.839,False
10/14/2021 1:00:00 PM,10/14/2021 9:00:00 AM,RTO,RTO,RTO,RTO,85171.461,False
10/14/2021 2:00:00 PM,10/14/2021 10:00:00 AM,RFC,MIDATL,AE,AECO,867.327,False
10/14/2021 2:00:00 PM,10/14/2021 10:00:00 AM,RFC,WEST,AEP,AEPAPT,3968.276,True
10/14/2021 2:00:00 PM,10/14/2021 10:00:00 AM,RFC,WEST,AEP,AEPIMP,3377.078,True
10/14/2021 2:00:00 PM,10/14/2021 10:00:00 AM,RFC,WEST,AEP,AEPKPT,504.271,True
10/14/2021 2:00:00 PM,10/14/2021 10:00:00 AM,RFC,WEST,AEP,AEPOPT,6648.747,True
10/14/2021 2:00:00 PM,10/14/2021 10:00:00 AM,RFC,WEST,AP,AP,5109.031,True
10/14/2021 2:00:00 PM,10/14/2021 10:00:00 AM,RFC,MIDATL,BC,BC,3248.367,False
10/14/2021 2:00:00 PM,10/14/2021 10:00:00 AM,RFC,WEST,CE,CE,10751.663,True
10/14/2021 2:00:00 PM,10/14/2021 10:00:00 AM,RFC,WEST,DAY,DAY,2220.000,False
10/14/2021 2:00:00 PM,10/14/2021 10:00:00 AM,RFC,WEST,DEOK,DEOK,3344.850,False
10/14/2021 2:00:00 PM,10/14/2021 10:00:00 AM,SERC,SOUTH,DOM,DOM,11459.708,False
10/14/2021 2:00:00 PM,10/14/2021 10:00:00 AM,RFC,MIDATL,DPL,DPLCO,1862.530,False
10/14/2021 2:00:00 PM,10/14/2021 10:00:00 AM,RFC,WEST,DUQ,DUQ,1432.073,False
10/14/2021 2:00:00 PM,10/14/2021 10:00:00 AM,RFC,MIDATL,DPL,EASTON,28.787,False
10/14/2021 2:00:00 PM,10/14/2021 10:00:00 AM,SERC,WEST,EKPC,EKPC,1377.210,False
10/14/2021 2:00:00 PM,10/14/2021 10:00:00 AM,RFC,MIDATL,JC,JC,2252.559,False
10/14/2021 2:00:00 PM,10/14/2021 10:00:00 AM,RFC,MIDATL,ME,ME,1781.644,False
10/14/2021 2:00:00 PM,10/14/2021 10:00:00 AM,RFC,WEST,ATSI,OE,7409.735,True
10/14/2021 2:00:00 PM,10/14/2021 10:00:00 AM,RFC,WEST,OVEC,OVEC,24.000,False
10/14/2021 2:00:00 PM,10/14/2021 10:00:00 AM,RFC,WEST,ATSI,PAPWR,547.066,False
10/14/2021 2:00:00 PM,10/14/2021 10:00:00 AM,RFC,MIDATL,PE,PE,4347.588,False
10/14/2021 2:00:00 PM,10/14/2021 10:00:00 AM,RFC,MIDATL,PEP,PEPCO,2813.078,False
10/14/2021 2:00:00 PM,10/14/2021 10:00:00 AM,RFC,MIDATL,PL,PLCO,4468.476,False
10/14/2021 2:00:00 PM,10/14/2021 10:00:00 AM,RFC,MIDATL,PN,PN,2013.203,False
10/14/2021 2:00:00 PM,10/14/2021 10:00:00 AM,RFC,MIDATL,PS,PS,4647.609,False
10/14/2021 2:00:00 PM,10/14/2021 10:00:00 AM,RFC,MIDATL,RECO,RECO,165.286,False
10/14/2021 2:00:00 PM,10/14/2021 10:00:00 AM,RFC,MIDATL,PEP,SMECO,326.837,False
10/14/2021 2:00:00 PM,10/14/2021 10:00:00 AM,RFC,MIDATL,PL,UGI,111.122,False
10/14/2021 2:00:00 PM,10/14/2021 10:00:00 AM,RFC,MIDATL,AE,VMEU,74.419,False
10/14/2021 2:00:00 PM,10/14/2021 10:00:00 AM,RTO,RTO,RTO,RTO,87182.540,False
10/14/2021 3:00:00 PM,10/14/2021 11:00:00 AM,RFC,MIDATL,AE,AECO,856.000,False
10/14/2021 3:00:00 PM,10/14/2021 11:00:00 AM,RFC,WEST,AEP,AEPAPT,4102.096,True
10/14/2021 3:00:00 PM,10/14/2021 11:00:00 AM,RFC,WEST,AEP,AEPIMP,3398.497,True
10/14/2021 3:00:00 PM,10/14/2021 11:00:00 AM,RFC,WEST,AEP,AEPKPT,516.805,True
10/14/2021 3:00:00 PM,10/14/2021 11:00:00 AM,RFC,WEST,AEP,AEPOPT,6910.301,True
10/14/2021 3:00:00 PM,10/14/2021 11:00:00 AM,RFC,WEST,AP,AP,5217.221,True
10/14/2021 3:00:00 PM,10/14/2021 11:00:00 AM,RFC,MIDATL,BC,BC,3355.326,False
10/14/2021 3:00:00 PM,10/14/2021 11:00:00 AM,RFC,WEST,CE,CE,10858.823,True
10/14/2021 3:00:00 PM,10/14/2021 11:00:00 AM,RFC,WEST,DAY,DAY,2277.000,False
10/14/2021 3:00:00 PM,10/14/2021 11:00:00 AM,RFC,WEST,DEOK,DEOK,3425.839,False
10/14/2021 3:00:00 PM,10/14/2021 11:00:00 AM,SERC,SOUTH,DOM,DOM,11915.961,False
10/14/2021 3:00:00 PM,10/14/2021 11:00:00 AM,RFC,MIDATL,DPL,DPLCO,1917.955,False
10/14/2021 3:00:00 PM,10/14/2021 11:00:00 AM,RFC,WEST,DUQ,DUQ,1463.840,False
10/14/2021 3:00:00 PM,10/14/2021 11:00:00 AM,RFC,MIDATL,DPL,EASTON,29.870,False
10/14/2021 3:00:00 PM,10/14/2021 11:00:00 AM,SERC,WEST,EKPC,EKPC,1449.688,False
10/14/2021 3:00:00 PM,10/14/2021 11:00:00 AM,RFC,MIDATL,JC,JC,2261.946,False
10/14/2021 3:00:00 PM,10/14/2021 11:00:00 AM,RFC,MIDATL,ME,ME,1846.973,False
10/14/2021 3:00:00 PM,10/14/2021 11:00:00 AM,RFC,WEST,ATSI,OE,7667.222,True
10/14/2021 3:00:00 PM,10/14/2021 11:00:00 AM,RFC,WEST,OVEC,OVEC,25.000,False
10/14/2021 3:00:00 PM,10/14/2021 11:00:00 AM,RFC,WEST,ATSI,PAPWR,557.668,False
10/14/2021 3:00:00 PM,10/14/2021 11:00:00 AM,RFC,MIDATL,PE,PE,4530.894,False
10/14/2021 3:00:00 PM,10/14/2021 11:00:00 AM,RFC,MIDATL,PEP,PEPCO,2822.511,False
10/14/2021 3:00:00 PM,10/14/2021 11:00:00 AM,RFC,MIDATL,PL,PLCO,4578.411,False
10/14/2021 3:00:00 PM,10/14/2021 11:00:00 AM,RFC,MIDATL,PN,PN,2046.827,False
10/14/2021 3:00:00 PM,10/14/2021 11:00:00 AM,RFC,MIDATL,PS,PS,4698.465,False
10/14/2021 3:00:00 PM,10/14/2021 11:00:00 AM,RFC,MIDATL,RECO,RECO,168.840,False
10/14/2021 3:00:00 PM,10/14/2021 11:00:00 AM,RFC,MIDATL,PEP,SMECO,343.980,False
10/14/2021 3:00:00 PM,10/14/2021 11:00:00 AM,RFC,MIDATL,PL,UGI,112.517,False
10/14/2021 3:00:00 PM,10/14/2021 11:00:00 AM,RFC,MIDATL,AE,VMEU,72.979,False
10/14/2021 3:00:00 PM,10/14/2021 11:00:00 AM,RTO,RTO,RTO,RTO,89429.455,False
10/14/2021 4:00:00 PM,10/14/2021 12:00:00 PM,RFC,MIDATL,AE,AECO,875.806,False
10/14/2021 4:00:00 PM,10/14/2021 12:00:00 PM,RFC,WEST,AEP,AEPAPT,4205.968,True
10/14/2021 4:00:00 PM,10/14/2021 12:00:00 PM,RFC,WEST,AEP,AEPIMP,3475.841,True
10/14/2021 4:00:00 PM,10/14/2021 12:00:00 PM,RFC,WEST,AEP,AEPKPT,537.014,True
10/14/2021 4:00:00 PM,10/14/2021 12:00:00 PM,RFC,WEST,AEP,AEPOPT,7269.907,True
10/14/2021 4:00:00 PM,10/14/2021 12:00:00 PM,RFC,WEST,AP,AP,5340.982,True
10/14/2021 4:00:00 PM,10/14/2021 12:00:00 PM,RFC,MIDATL,BC,BC,3485.159,False
10/14/2021 4:00:00 PM,10/14/2021 12:00:00 PM,RFC,WEST,CE,CE,10844.518,True
10/14/2021 4:00:00 PM,10/14/2021 12:00:00 PM,RFC,WEST,DAY,DAY,2353.000,False
10/14/2021 4:00:00 PM,10/14/2021 12:00:00 PM,RFC,WEST,DEOK,DEOK,3570.754,False
10/14/2021 4:00:00 PM,10/14/2021 12:00:00 PM,SERC,SOUTH,DOM,DOM,12400.930,False
10/14/2021 4:00:00 PM,10/14/2021 12:00:00 PM,RFC,MIDATL,DPL,DPLCO,1989.738,False
10/14/2021 4:00:00 PM,10/14/2021 12:00:00 PM,RFC,WEST,DUQ,DUQ,1496.675,False
10/14/2021 4:00:00 PM,10/14/2021 12:00:00 PM,RFC,MIDATL,DPL,EASTON,29.797,False
10/14/2021 4:00:00 PM,10/14/2021 12:00:00 PM,SERC,WEST,EKPC,EKPC,1525.347,False
10/14/2021 4:00:00 PM,10/14/2021 12:00:00 PM,RFC,MIDATL,JC,JC,2375.931,False
10/14/2021 4:00:00 PM,10/14/2021 12:00:00 PM,RFC,MIDATL,ME,ME,1872.641,False
10/14/2021 4:00:00 PM,10/14/2021 12:00:00 PM,RFC,WEST,ATSI,OE,7936.821,True
10/14/2021 4:00:00 PM,10/14/2021 12:00:00 PM,RFC,WEST,OVEC,OVEC,20.000,False
10/14/2021 4:00:00 PM,10/14/2021 12:00:00 PM,RFC,WEST,ATSI,PAPWR,570.366,False
10/14/2021 4:00:00 PM,10/14/2021 12:00:00 PM,RFC,MIDATL,PE,PE,4669.549,False
10/14/2021 4:00:00 PM,10/14/2021 12:00:00 PM,RFC,MIDATL,PEP,PEPCO,2922.820,False
10/14/2021 4:00:00 PM,10/14/2021 12:00:00 PM,RFC,MIDATL,PL,PLCO,4619.565,False
10/14/2021 4:00:00 PM,10/14/2021 12:00:00 PM,RFC,MIDATL,PN,PN,2074.450,False
10/14/2021 4:00:00 PM,10/14/2021 12:00:00 PM,RFC,MIDATL,PS,PS,4797.840,False
10/14/2021 4:00:00 PM,10/14/2021 12:00:00 PM,RFC,MIDATL,RECO,RECO,172.190,False
10/14/2021 4:00:00 PM,10/14/2021 12:00:00 PM,RFC,MIDATL,PEP,SMECO,362.714,False
10/14/2021 4:00:00 PM,10/14/2021 12:00:00 PM,RFC,MIDATL,PL,UGI,113.642,False
10/14/2021 4:00:00 PM,10/14/2021 12:00:00 PM,RFC,MIDATL,AE,VMEU,75.440,False
10/14/2021 4:00:00 PM,10/14/2021 12:00:00 PM,RTO,RTO,RTO,RTO,91985.405,False
10/14/2021 5:00:00 PM,10/14/2021 1:00:00 PM,RFC,MIDATL,AE,AECO,942.846,False
10/14/2021 5:00:00 PM,10/14/2021 1:00:00 PM,RFC,WEST,AEP,AEPAPT,4335.034,True
10/14/2021 5:00:00 PM,10/14/2021 1:00:00 PM,RFC,WEST,AEP,AEPIMP,3474.637,True
10/14/2021 5:00:00 PM,10/14/2021 1:00:00 PM,RFC,WEST,AEP,AEPKPT,563.017,True
10/14/2021 5:00:00 PM,10/14/2021 1:00:00 PM,RFC,WEST,AEP,AEPOPT,7536.532,True
10/14/2021 5:00:00 PM,10/14/2021 1:00:00 PM,RFC,WEST,AP,AP,5501.106,True
10/14/2021 5:00:00 PM,10/14/2021 1:00:00 PM,RFC,MIDATL,BC,BC,3613.796,False
10/14/2021 5:00:00 PM,10/14/2021 1:00:00 PM,RFC,WEST,CE,CE,10803.954,True
10/14/2021 5:00:00 PM,10/14/2021 1:00:00 PM,RFC,WEST,DAY,DAY,2430.000,False
10/14/2021 5:00:00 PM,10/14/2021 1:00:00 PM,RFC,WEST,DEOK,DEOK,3671.447,False
10/14/2021 5:00:00 PM,10/14/2021 1:00:00 PM,SERC,SOUTH,DOM,DOM,12870.619,False
10/14/2021 5:00:00 PM,10/14/2021 1:00:00 PM,RFC,MIDATL,DPL,DPLCO,2066.380,False
10/14/2021 5:00:00 PM,10/14/2021 1:00:00 PM,RFC,WEST,DUQ,DUQ,1562.752,False
10/14/2021 5:00:00 PM,10/14/2021 1:00:00 PM,RFC,MIDATL,DPL,EASTON,31.295,False
10/14/2021 5:00:00 PM,10/14/2021 1:00:00 PM,SERC,WEST,EKPC,EKPC,1575.633,False
10/14/2021 5:00:00 PM,10/14/2021 1:00:00 PM,RFC,MIDATL,JC,JC,2515.178,False
10/14/2021 5:00:00 PM,10/14/2021 1:00:00 PM,RFC,MIDATL,ME,ME,1900.264,False
10/14/2021 5:00:00 PM,10/14/2021 1:00:00 PM,RFC,WEST,ATSI,OE,8305.939,True
10/14/2021 5:00:00 PM,10/14/2021 1:00:00 PM,RFC,WEST,OVEC,OVEC,22.000,False
10/14/2021 5:00:00 PM,10/14/2021 1:00:00 PM,RFC,WEST,ATSI,PAPWR,605.560,False
10/14/2021 5:00:00 PM,10/14/2021 1:00:00 PM,RFC,MIDATL,PE,PE,4787.308,False
10/14/2021 5:00:00 PM,10/14/2021 1:00:00 PM,RFC,MIDATL,PEP,PEPCO,3013.428,False
10/14/2021 5:00:00 PM,10/14/2021 1:00:00 PM,RFC,MIDATL,PL,PLCO,4656.832,False
10/14/2021 5:00:00 PM,10/14/2021 1:00:00 PM,RFC,MIDATL,PN,PN,2097.876,False
10/14/2021 5:00:00 PM,10/14/2021 1:00:00 PM,RFC,MIDATL,PS,PS,4998.291,False
10/14/2021 5:00:00 PM,10/14/2021 1:00:00 PM,RFC,MIDATL,RECO,RECO,180.332,False
10/14/2021 5:00:00 PM,10/14/2021 1:00:00 PM,RFC,MIDATL,PEP,SMECO,384.249,False
10/14/2021 5:00:00 PM,10/14/2021 1:00:00 PM,RFC,MIDATL,PL,UGI,115.906,False
10/14/2021 5:00:00 PM,10/14/2021 1:00:00 PM,RFC,MIDATL,AE,VMEU,78.745,False
10/14/2021 5:00:00 PM,10/14/2021 1:00:00 PM,RTO,RTO,RTO,RTO,94640.956,False
10/14/2021 6:00:00 PM,10/14/2021 2:00:00 PM,RFC,MIDATL,AE,AECO,1031.784,False
10/14/2021 6:00:00 PM,10/14/2021 2:00:00 PM,RFC,WEST,AEP,AEPAPT,4461.651,True
10/14/2021 6:00:00 PM,10/14/2021 2:00:00 PM,RFC,WEST,AEP,AEPIMP,3405.842,True
10/14/2021 6:00:00 PM,10/14/2021 2:00:00 PM,RFC,WEST,AEP,AEPKPT,597.400,True
10/14/2021 6:00:00 PM,10/14/2021 2:00:00 PM,RFC,WEST,AEP,AEPOPT,7738.011,True
10/14/2021 6:00:00 PM,10/14/2021 2:00:00 PM,RFC,WEST,AP,AP,5571.956,True
10/14/2021 6:00:00 PM,10/14/2021 2:00:00 PM,RFC,MIDATL,BC,BC,3708.398,False
10/14/2021 6:00:00 PM,10/14/2021 2:00:00 PM,RFC,WEST,CE,CE,10839.355,True
10/14/2021 6:00:00 PM,10/14/2021 2:00:00 PM,RFC,WEST,DAY,DAY,2452.000,False
10/14/2021 6:00:00 PM,10/14/2021 2:00:00 PM,RFC,WEST,DEOK,DEOK,3732.464,False
10/14/2021 6:00:00 PM,10/14/2021 2:00:00 PM,SERC,SOUTH,DOM,DOM,13256.426,False
10/14/2021 6:00:00 PM,10/14/2021 2:00:00 PM,RFC,MIDATL,DPL,DPLCO,2139.718,False
10/14/2021 6:00:00 PM,10/14/2021 2:00:00 PM,RFC,WEST,DUQ,DUQ,1608.771,False
10/14/2021 6:00:00 PM,10/14/2021 2:00:00 PM,RFC,MIDATL,DPL,EASTON,32.404,False
10/14/2021 6:00:00 PM,10/14/2021 2:00:00 PM,SERC,WEST,EKPC,EKPC,1567.446,False
10/14/2021 6:00:00 PM,10/14/2021 2:00:00 PM,RFC,MIDATL,JC,JC,2678.779,False
10/14/2021 6:00:00 PM,10/14/2021 2:00:00 PM,RFC,MIDATL,ME,ME,1896.668,False
10/14/2021 6:00:00 PM,10/14/2021 2:00:00 PM,RFC,WEST,ATSI,OE,8523.745,True
10/14/2021 6:00:00 PM,10/14/2021 2:00:00 PM,RFC,WEST,OVEC,OVEC,19.000,False
10/14/2021 6:00:00 PM,10/14/2021 2:00:00 PM,RFC,WEST,ATSI,PAPWR,603.177,False
10/14/2021 6:00:00 PM,10/14/2021 2:00:00 PM,RFC,MIDATL,PE,PE,4788.214,False
10/14/2021 6:00:00 PM,10/14/2021 2:00:00 PM,RFC,MIDATL,PEP,PEPCO,3103.565,False
10/14/2021 6:00:00 PM,10/14/2021 2:00:00 PM,RFC,MIDATL,PL,PLCO,4697.319,False
10/14/2021 6:00:00 PM,10/14/2021 2:00:00 PM,RFC,MIDATL,PN,PN,2068.181,False
10/14/2021 6:00:00 PM,10/14/2021 2:00:00 PM,RFC,MIDATL,PS,PS,5224.920,False
10/14/2021 6:00:00 PM,10/14/2021 2:00:00 PM,RFC,MIDATL,RECO,RECO,186.139,False
10/14/2021 6:00:00 PM,10/14/2021 2:00:00 PM,RFC,MIDATL,PEP,SMECO,407.307,False
10/14/2021 6:00:00 PM,10/14/2021 2:00:00 PM,RFC,MIDATL,PL,UGI,116.134,False
10/14/2021 6:00:00 PM,10/14/2021 2:00:00 PM,RFC,MIDATL,AE,VMEU,85.172,False
10/14/2021 6:00:00 PM,10/14/2021 2:00:00 PM,RTO,RTO,RTO,RTO,96541.946,False
10/14/2021 7:00:00 PM,10/14/2021 3:00:00 PM,RFC,MIDATL,AE,AECO,1115.430,False
10/14/2021 7:00:00 PM,10/14/2021 3:00:00 PM,RFC,WEST,AEP,AEPAPT,4593.832,True
10/14/2021 7:00:00 PM,10/14/2021 3:00:00 PM,RFC,WEST,AEP,AEPIMP,3424.581,True
10/14/2021 7:00:00 PM,10/14/2021 3:00:00 PM,RFC,WEST,AEP,AEPKPT,624.752,True
10/14/2021 7:00:00 PM,10/14/2021 3:00:00 PM,RFC,WEST,AEP,AEPOPT,7870.072,True
10/14/2021 7:00:00 PM,10/14/2021 3:00:00 PM,RFC,WEST,AP,AP,5659.354,True
10/14/2021 7:00:00 PM,10/14/2021 3:00:00 PM,RFC,MIDATL,BC,BC,3798.721,False
10/14/2021 7:00:00 PM,10/14/2021 3:00:00 PM,RFC,WEST,CE,CE,10860.951,True
10/14/2021 7:00:00 PM,10/14/2021 3:00:00 PM,RFC,WEST,DAY,DAY,2473.000,False
10/14/2021 7:00:00 PM,10/14/2021 3:00:00 PM,RFC,WEST,DEOK,DEOK,3808.664,False
10/14/2021 7:00:00 PM,10/14/2021 3:00:00 PM,SERC,SOUTH,DOM,DOM,13490.855,False
10/14/2021 7:00:00 PM,10/14/2021 3:00:00 PM,RFC,MIDATL,DPL,DPLCO,2199.725,False
10/14/2021 7:00:00 PM,10/14/2021 3:00:00 PM,RFC,WEST,DUQ,DUQ,1630.770,False
10/14/2021 7:00:00 PM,10/14/2021 3:00:00 PM,RFC,MIDATL,DPL,EASTON,32.903,False
10/14/2021 7:00:00 PM,10/14/2021 3:00:00 PM,SERC,WEST,EKPC,EKPC,1682.946,False
10/14/2021 7:00:00 PM,10/14/2021 3:00:00 PM,RFC,MIDATL,JC,JC,2858.160,False
10/14/2021 7:00:00 PM,10/14/2021 3:00:00 PM,RFC,MIDATL,ME,ME,1913.230,False
10/14/2021 7:00:00 PM,10/14/2021 3:00:00 PM,RFC,WEST,ATSI,OE,8562.511,True
10/14/2021 7:00:00 PM,10/14/2021 3:00:00 PM,RFC,WEST,OVEC,OVEC,22.000,False
10/14/2021 7:00:00 PM,10/14/2021 3:00:00 PM,RFC,WEST,ATSI,PAPWR,625.049,False
10/14/2021 7:00:00 PM,10/14/2021 3:00:00 PM,RFC,MIDATL,PE,PE,4847.702,False
10/14/2021 7:00:00 PM,10/14/2021 3:00:00 PM,RFC,MIDATL,PEP,PEPCO,3137.445,False
10/14/2021 7:00:00 PM,10/14/2021 3:00:00 PM,RFC,MIDATL,PL,PLCO,4680.153,False
10/14/2021 7:00:00 PM,10/14/2021 3:00:00 PM,RFC,MIDATL,PN,PN,2079.655,False
10/14/2021 7:00:00 PM,10/14/2021 3:00:00 PM,RFC,MIDATL,PS,PS,5445.551,False
10/14/2021 7:00:00 PM,10/14/2021 3:00:00 PM,RFC,MIDATL,RECO,RECO,186.217,False
10/14/2021 7:00:00 PM,10/14/2021 3:00:00 PM,RFC,MIDATL,PEP,SMECO,427.210,False
10/14/2021 7:00:00 PM,10/14/2021 3:00:00 PM,RFC,MIDATL,PL,UGI,117.356,False
10/14/2021 7:00:00 PM,10/14/2021 3:00:00 PM,RFC,MIDATL,AE,VMEU,88.303,False
10/14/2021 7:00:00 PM,10/14/2021 3:00:00 PM,RTO,RTO,RTO,RTO,98257.098,False
10/14/2021 8:00:00 PM,10/14/2021 4:00:00 PM,RFC,MIDATL,AE,AECO,1190.025,False
10/14/2021 8:00:00 PM,10/14/2021 4:00:00 PM,RFC,WEST,AEP,AEPAPT,4642.039,True
10/14/2021 8:00:00 PM,10/14/2021 4:00:00 PM,RFC,WEST,AEP,AEPIMP,3392.326,True
10/14/2021 8:00:00 PM,10/14/2021 4:00:00 PM,RFC,WEST,AEP,AEPKPT,638.428,True
10/14/2021 8:00:00 PM,10/14/2021 4:00:00 PM,RFC,WEST,AEP,AEPOPT,8036.096,True
10/14/2021 8:00:00 PM,10/14/2021 4:00:00 PM,RFC,WEST,AP,AP,5754.869,True
10/14/2021 8:00:00 PM,10/14/2021 4:00:00 PM,RFC,MIDATL,BC,BC,3900.975,False
10/14/2021 8:00:00 PM,10/14/2021 4:00:00 PM,RFC,WEST,CE,CE,10865.679,True
10/14/2021 8:00:00 PM,10/14/2021 4:00:00 PM,RFC,WEST,DAY,DAY,2471.000,False
10/14/2021 8:00:00 PM,10/14/2021 4:00:00 PM,RFC,WEST,DEOK,DEOK,3833.402,False
10/14/2021 8:00:00 PM,10/14/2021 4:00:00 PM,SERC,SOUTH,DOM,DOM,13604.863,False
10/14/2021 8:00:00 PM,10/14/2021 4:00:00 PM,RFC,MIDATL,DPL,DPLCO,2239.313,False
10/14/2021 8:00:00 PM,10/14/2021 4:00:00 PM,RFC,WEST,DUQ,DUQ,1644.487,False
10/14/2021 8:00:00 PM,10/14/2021 4:00:00 PM,RFC,MIDATL,DPL,EASTON,32.947,False
10/14/2021 8:00:00 PM,10/14/2021 4:00:00 PM,SERC,WEST,EKPC,EKPC,1749.900,False
10/14/2021 8:00:00 PM,10/14/2021 4:00:00 PM,RFC,MIDATL,JC,JC,2960.702,False
10/14/2021 8:00:00 PM,10/14/2021 4:00:00 PM,RFC,MIDATL,ME,ME,1935.601,False
10/14/2021 8:00:00 PM,10/14/2021 4:00:00 PM,RFC,WEST,ATSI,OE,8470.218,True
10/14/2021 8:00:00 PM,10/14/2021 4:00:00 PM,RFC,WEST,OVEC,OVEC,18.000,False
10/14/2021 8:00:00 PM,10/14/2021 4:00:00 PM,RFC,WEST,ATSI,PAPWR,624.816,False
10/14/2021 8:00:00 PM,10/14/2021 4:00:00 PM,RFC,MIDATL,PE,PE,4864.211,False
10/14/2021 8:00:00 PM,10/14/2021 4:00:00 PM,RFC,MIDATL,PEP,PEPCO,3177.656,False
10/14/2021 8:00:00 PM,10/14/2021 4:00:00 PM,RFC,MIDATL,PL,PLCO,4711.864,False
10/14/2021 8:00:00 PM,10/14/2021 4:00:00 PM,RFC,MIDATL,PN,PN,2063.947,False
10/14/2021 8:00:00 PM,10/14/2021 4:00:00 PM,RFC,MIDATL,PS,PS,5603.348,False
10/14/2021 8:00:00 PM,10/14/2021 4:00:00 PM,RFC,MIDATL,RECO,RECO,191.495,False
10/14/2021 8:00:00 PM,10/14/2021 4:00:00 PM,RFC,MIDATL,PEP,SMECO,448.200,False
10/14/2021 8:00:00 PM,10/14/2021 4:00:00 PM,RFC,MIDATL,PL,UGI,117.645,False
10/14/2021 8:00:00 PM,10/14/2021 4:00:00 PM,RFC,MIDATL,AE,VMEU,95.068,False
10/14/2021 8:00:00 PM,10/14/2021 4:00:00 PM,RTO,RTO,RTO,RTO,99279.120,False
10/14/2021 9:00:00 PM,10/14/2021 5:00:00 PM,RFC,MIDATL,AE,AECO,1235.870,False
10/14/2021 9:00:00 PM,10/14/2021 5:00:00 PM,RFC,WEST,AEP,AEPAPT,4643.885,True
10/14/2021 9:00:00 PM,10/14/2021 5:00:00 PM,RFC,WEST,AEP,AEPIMP,3315.278,True
10/14/2021 9:00:00 PM,10/14/2021 5:00:00 PM,RFC,WEST,AEP,AEPKPT,630.778,True
10/14/2021 9:00:00 PM,10/14/2021 5:00:00 PM,RFC,WEST,AEP,AEPOPT,7901.570,True
10/14/2021 9:00:00 PM,10/14/2021 5:00:00 PM,RFC,WEST,AP,AP,5781.679,True
10/14/2021 9:00:00 PM,10/14/2021 5:00:00 PM,RFC,MIDATL,BC,BC,3893.277,False
10/14/2021 9:00:00 PM,10/14/2021 5:00:00 PM,RFC,WEST,CE,CE,10962.386,True
10/14/2021 9:00:00 PM,10/14/2021 5:00:00 PM,RFC,WEST,DAY,DAY,2449.000,False
10/14/2021 9:00:00 PM,10/14/2021 5:00:00 PM,RFC,WEST,DEOK,DEOK,3794.722,False
10/14/2021 9:00:00 PM,10/14/2021 5:00:00 PM,SERC,SOUTH,DOM,DOM,13703.092,False
10/14/2021 9:00:00 PM,10/14/2021 5:00:00 PM,RFC,MIDATL,DPL,DPLCO,2247.345,False
10/14/2021 9:00:00 PM,10/14/2021 5:00:00 PM,RFC,WEST,DUQ,DUQ,1631.483,False
10/14/2021 9:00:00 PM,10/14/2021 5:00:00 PM,RFC,MIDATL,DPL,EASTON,32.442,False
10/14/2021 9:00:00 PM,10/14/2021 5:00:00 PM,SERC,WEST,EKPC,EKPC,1756.069,False
10/14/2021 9:00:00 PM,10/14/2021 5:00:00 PM,RFC,MIDATL,JC,JC,2997.276,False
10/14/2021 9:00:00 PM,10/14/2021 5:00:00 PM,RFC,MIDATL,ME,ME,1932.183,False
10/14/2021 9:00:00 PM,10/14/2021 5:00:00 PM,RFC,WEST,ATSI,OE,8410.348,True
10/14/2021 9:00:00 PM,10/14/2021 5:00:00 PM,RFC,WEST,OVEC,OVEC,18.000,False
10/14/2021 9:00:00 PM,10/14/2021 5:00:00 PM,RFC,WEST,ATSI,PAPWR,615.175,False
10/14/2021 9:00:00 PM,10/14/2021 5:00:00 PM,RFC,MIDATL,PE,PE,4837.725,False
10/14/2021 9:00:00 PM,10/14/2021 5:00:00 PM,RFC,MIDATL,PEP,PEPCO,3143.477,False
10/14/2021 9:00:00 PM,10/14/2021 5:00:00 PM,RFC,MIDATL,PL,PLCO,4721.544,False
10/14/2021 9:00:00 PM,10/14/2021 5:00:00 PM,RFC,MIDATL,PN,PN,2065.974,False
10/14/2021 9:00:00 PM,10/14/2021 5:00:00 PM,RFC,MIDATL,PS,PS,5580.117,False
10/14/2021 9:00:00 PM,10/14/2021 5:00:00 PM,RFC,MIDATL,RECO,RECO,186.849,False
10/14/2021 9:00:00 PM,10/14/2021 5:00:00 PM,RFC,MIDATL,PEP,SMECO,445.988,False
10/14/2021 9:00:00 PM,10/14/2021 5:00:00 PM,RFC,MIDATL,PL,UGI,117.566,False
10/14/2021 9:00:00 PM,10/14/2021 5:00:00 PM,RFC,MIDATL,AE,VMEU,98.950,False
10/14/2021 9:00:00 PM,10/14/2021 5:00:00 PM,RTO,RTO,RTO,RTO,99150.048,False
10/14/2021 10:00:00 PM,10/14/2021 6:00:00 PM,RFC,MIDATL,AE,AECO,1257.897,False
10/14/2021 10:00:00 PM,10/14/2021 6:00:00 PM,RFC,WEST,AEP,AEPAPT,4606.387,True
10/14/2021 10:00:00 PM,10/14/2021 6:00:00 PM,RFC,WEST,AEP,AEPIMP,3291.810,True
10/14/2021 10:00:00 PM,10/14/2021 6:00:00 PM,RFC,WEST,AEP,AEPKPT,605.066,True
10/14/2021 10:00:00 PM,10/14/2021 6:00:00 PM,RFC,WEST,AEP,AEPOPT,7715.986,True
10/14/2021 10:00:00 PM,10/14/2021 6:00:00 PM,RFC,WEST,AP,AP,5750.833,True
10/14/2021 10:00:00 PM,10/14/2021 6:00:00 PM,RFC,MIDATL,BC,BC,3833.516,False
10/14/2021 10:00:00 PM,10/14/2021 6:00:00 PM,RFC,WEST,CE,CE,10822.206,True
10/14/2021 10:00:00 PM,10/14/2021 6:00:00 PM,RFC,WEST,DAY,DAY,2370.000,False
10/14/2021 10:00:00 PM,10/14/2021 6:00:00 PM,RFC,WEST,DEOK,DEOK,3657.879,False
10/14/2021 10:00:00 PM,10/14/2021 6:00:00 PM,SERC,SOUTH,DOM,DOM,13498.019,False
10/14/2021 10:00:00 PM,10/14/2021 6:00:00 PM,RFC,MIDATL,DPL,DPLCO,2225.713,False
10/14/2021 10:00:00 PM,10/14/2021 6:00:00 PM,RFC,WEST,DUQ,DUQ,1629.180,False
10/14/2021 10:00:00 PM,10/14/2021 6:00:00 PM,RFC,MIDATL,DPL,EASTON,30.817,False
10/14/2021 10:00:00 PM,10/14/2021 6:00:00 PM,SERC,WEST,EKPC,EKPC,1691.683,False
10/14/2021 10:00:00 PM,10/14/2021 6:00:00 PM,RFC,MIDATL,JC,JC,3024.493,False
10/14/2021 10:00:00 PM,10/14/2021 6:00:00 PM,RFC,MIDATL,ME,ME,1917.731,False
10/14/2021 10:00:00 PM,10/14/2021 6:00:00 PM,RFC,WEST,ATSI,OE,8258.040,True
10/14/2021 10:00:00 PM,10/14/2021 6:00:00 PM,RFC,WEST,OVEC,OVEC,20.000,False
10/14/2021 10:00:00 PM,10/14/2021 6:00:00 PM,RFC,WEST,ATSI,PAPWR,604.007,False
10/14/2021 10:00:00 PM,10/14/2021 6:00:00 PM,RFC,MIDATL,PE,PE,4788.379,False
10/14/2021 10:00:00 PM,10/14/2021 6:00:00 PM,RFC,MIDATL,PEP,PEPCO,3091.614,False
10/14/2021 10:00:00 PM,10/14/2021 6:00:00 PM,RFC,MIDATL,PL,PLCO,4697.864,False
10/14/2021 10:00:00 PM,10/14/2021 6:00:00 PM,RFC,MIDATL,PN,PN,2064.995,False
10/14/2021 10:00:00 PM,10/14/2021 6:00:00 PM,RFC,MIDATL,PS,PS,5580.154,False
10/14/2021 10:00:00 PM,10/14/2021 6:00:00 PM,RFC,MIDATL,RECO,RECO,188.237,False
10/14/2021 10:00:00 PM,10/14/2021 6:00:00 PM,RFC,MIDATL,PEP,SMECO,433.095,False
10/14/2021 10:00:00 PM,10/14/2021 6:00:00 PM,RFC,MIDATL,PL,UGI,118.290,False
10/14/2021 10:00:00 PM,10/14/2021 6:00:00 PM,RFC,MIDATL,AE,VMEU,98.452,False
10/14/2021 10:00:00 PM,10/14/2021 6:00:00 PM,RTO,RTO,RTO,RTO,97872.343,False
10/14/2021 11:00:00 PM,10/14/2021 7:00:00 PM,RFC,MIDATL,AE,AECO,1247.902,False
10/14/2021 11:00:00 PM,10/14/2021 7:00:00 PM,RFC,WEST,AEP,AEPAPT,4614.887,True
10/14/2021 11:00:00 PM,10/14/2021 7:00:00 PM,RFC,WEST,AEP,AEPIMP,3260.749,True
10/14/2021 11:00:00 PM,10/14/2021 7:00:00 PM,RFC,WEST,AEP,AEPKPT,602.645,True
10/14/2021 11:00:00 PM,10/14/2021 7:00:00 PM,RFC,WEST,AEP,AEPOPT,7694.307,True
10/14/2021 11:00:00 PM,10/14/2021 7:00:00 PM,RFC,WEST,AP,AP,5804.934,True
10/14/2021 11:00:00 PM,10/14/2021 7:00:00 PM,RFC,MIDATL,BC,BC,3795.685,False
10/14/2021 11:00:00 PM,10/14/2021 7:00:00 PM,RFC,WEST,CE,CE,10793.360,True
10/14/2021 11:00:00 PM,10/14/2021 7:00:00 PM,RFC,WEST,DAY,DAY,2365.000,False
10/14/2021 11:00:00 PM,10/14/2021 7:00:00 PM,RFC,WEST,DEOK,DEOK,3622.794,False
10/14/2021 11:00:00 PM,10/14/2021 7:00:00 PM,SERC,SOUTH,DOM,DOM,13346.444,False
10/14/2021 11:00:00 PM,10/14/2021 7:00:00 PM,RFC,MIDATL,DPL,DPLCO,2202.807,False
10/14/2021 11:00:00 PM,10/14/2021 7:00:00 PM,RFC,WEST,DUQ,DUQ,1659.262,False
10/14/2021 11:00:00 PM,10/14/2021 7:00:00 PM,RFC,MIDATL,DPL,EASTON,30.323,False
10/14/2021 11:00:00 PM,10/14/2021 7:00:00 PM,SERC,WEST,EKPC,EKPC,1699.222,False
10/14/2021 11:00:00 PM,10/14/2021 7:00:00 PM,RFC,MIDATL,JC,JC,2964.880,False
10/14/2021 11:00:00 PM,10/14/2021 7:00:00 PM,RFC,MIDATL,ME,ME,1924.587,False
10/14/2021 11:00:00 PM,10/14/2021 7:00:00 PM,RFC,WEST,ATSI,OE,8312.209,True
10/14/2021 11:00:00 PM,10/14/2021 7:00:00 PM,RFC,WEST,OVEC,OVEC,22.000,False
10/14/2021 11:00:00 PM,10/14/2021 7:00:00 PM,RFC,WEST,ATSI,PAPWR,637.641,False
10/14/2021 11:00:00 PM,10/14/2021 7:00:00 PM,RFC,MIDATL,PE,PE,4714.129,False
10/14/2021 11:00:00 PM,10/14/2021 7:00:00 PM,RFC,MIDATL,PEP,PEPCO,3021.487,False
10/14/2021 11:00:00 PM,10/14/2021 7:00:00 PM,RFC,MIDATL,PL,PLCO,4698.593,False
10/14/2021 11:00:00 PM,10/14/2021 7:00:00 PM,RFC,MIDATL,PN,PN,2093.461,False
10/14/2021 11:00:00 PM,10/14/2021 7:00:00 PM,RFC,MIDATL,PS,PS,5536.446,False
10/14/2021 11:00:00 PM,10/14/2021 7:00:00 PM,RFC,MIDATL,RECO,RECO,184.183,False
10/14/2021 11:00:00 PM,10/14/2021 7:00:00 PM,RFC,MIDATL,PEP,SMECO,431.776,False
10/14/2021 11:00:00 PM,10/14/2021 7:00:00 PM,RFC,MIDATL,PL,UGI,120.691,False
10/14/2021 11:00:00 PM,10/14/2021 7:00:00 PM,RFC,MIDATL,AE,VMEU,95.519,False
10/14/2021 11:00:00 PM,10/14/2021 7:00:00 PM,RTO,RTO,RTO,RTO,97497.923,False
10/15/2021 12:00:00 AM,10/14/2021 8:00:00 PM,RFC,MIDATL,AE,AECO,1188.666,False
10/15/2021 12:00:00 AM,10/14/2021 8:00:00 PM,RFC,WEST,AEP,AEPAPT,4425.774,True
10/15/2021 12:00:00 AM,10/14/2021 8:00:00 PM,RFC,WEST,AEP,AEPIMP,3220.015,True
10/15/2021 12:00:00 AM,10/14/2021 8:00:00 PM,RFC,WEST,AEP,AEPKPT,582.924,True
10/15/2021 12:00:00 AM,10/14/2021 8:00:00 PM,RFC,WEST,AEP,AEPOPT,7457.396,True
10/15/2021 12:00:00 AM,10/14/2021 8:00:00 PM,RFC,WEST,AP,AP,5628.967,True
10/15/2021 12:00:00 AM,10/14/2021 8:00:00 PM,RFC,MIDATL,BC,BC,3625.373,False
10/15/2021 12:00:00 AM,10/14/2021 8:00:00 PM,RFC,WEST,CE,CE,10700.013,True
10/15/2021 12:00:00 AM,10/14/2021 8:00:00 PM,RFC,WEST,DAY,DAY,2289.000,False
10/15/2021 12:00:00 AM,10/14/2021 8:00:00 PM,RFC,WEST,DEOK,DEOK,3519.897,False
10/15/2021 12:00:00 AM,10/14/2021 8:00:00 PM,SERC,SOUTH,DOM,DOM,12842.718,False
10/15/2021 12:00:00 AM,10/14/2021 8:00:00 PM,RFC,MIDATL,DPL,DPLCO,2086.449,False
10/15/2021 12:00:00 AM,10/14/2021 8:00:00 PM,RFC,WEST,DUQ,DUQ,1592.280,False
10/15/2021 12:00:00 AM,10/14/2021 8:00:00 PM,RFC,MIDATL,DPL,EASTON,28.278,False
10/15/2021 12:00:00 AM,10/14/2021 8:00:00 PM,SERC,WEST,EKPC,EKPC,1657.851,False
10/15/2021 12:00:00 AM,10/14/2021 8:00:00 PM,RFC,MIDATL,JC,JC,2813.813,False
10/15/2021 12:00:00 AM,10/14/2021 8:00:00 PM,RFC,MIDATL,ME,ME,1853.888,False
10/15/2021 12:00:00 AM,10/14/2021 8:00:00 PM,RFC,WEST,ATSI,OE,8030.834,True
10/15/2021 12:00:00 AM,10/14/2021 8:00:00 PM,RFC,WEST,OVEC,OVEC,21.000,False
10/15/2021 12:00:00 AM,10/14/2021 8:00:00 PM,RFC,WEST,ATSI,PAPWR,613.164,False
10/15/2021 12:00:00 AM,10/14/2021 8:00:00 PM,RFC,MIDATL,PE,PE,4531.680,False
10/15/2021 12:00:00 AM,10/14/2021 8:00:00 PM,RFC,MIDATL,PEP,PEPCO,2923.916,False
10/15/2021 12:00:00 AM,10/14/2021 8:00:00 PM,RFC,MIDATL,PL,PLCO,4525.956,False
10/15/2021 12:00:00 AM,10/14/2021 8:00:00 PM,RFC,MIDATL,PN,PN,2033.339,False
10/15/2021 12:00:00 AM,10/14/2021 8:00:00 PM,RFC,MIDATL,PS,PS,5298.944,False
10/15/2021 12:00:00 AM,10/14/2021 8:00:00 PM,RFC,MIDATL,RECO,RECO,175.098,False
10/15/2021 12:00:00 AM,10/14/2021 8:00:00 PM,RFC,MIDATL,PEP,SMECO,409.563,False
10/15/2021 12:00:00 AM,10/14/2021 8:00:00 PM,RFC,MIDATL,PL,UGI,116.823,False
10/15/2021 12:00:00 AM,10/14/2021 8:00:00 PM,RFC,MIDATL,AE,VMEU,90.493,False
10/15/2021 12:00:00 AM,10/14/2021 8:00:00 PM,RTO,RTO,RTO,RTO,94284.112,False
10/15/2021 1:00:00 AM,10/14/2021 9:00:00 PM,RFC,MIDATL,AE,AECO,1108.254,False
10/15/2021 1:00:00 AM,10/14/2021 9:00:00 PM,RFC,WEST,AEP,AEPAPT,4220.180,True
10/15/2021 1:00:00 AM,10/14/2021 9:00:00 PM,RFC,WEST,AEP,AEPIMP,3100.369,True
10/15/2021 1:00:00 AM,10/14/2021 9:00:00 PM,RFC,WEST,AEP,AEPKPT,548.666,True
10/15/2021 1:00:00 AM,10/14/2021 9:00:00 PM,RFC,WEST,AEP,AEPOPT,7025.880,True
10/15/2021 1:00:00 AM,10/14/2021 9:00:00 PM,RFC,WEST,AP,AP,5342.936,True
10/15/2021 1:00:00 AM,10/14/2021 9:00:00 PM,RFC,MIDATL,BC,BC,3419.524,False
10/15/2021 1:00:00 AM,10/14/2021 9:00:00 PM,RFC,WEST,CE,CE,10349.626,True
10/15/2021 1:00:00 AM,10/14/2021 9:00:00 PM,RFC,WEST,DAY,DAY,2156.000,False
10/15/2021 1:00:00 AM,10/14/2021 9:00:00 PM,RFC,WEST,DEOK,DEOK,3351.843,False
10/15/2021 1:00:00 AM,10/14/2021 9:00:00 PM,SERC,SOUTH,DOM,DOM,12044.426,False
10/15/2021 1:00:00 AM,10/14/2021 9:00:00 PM,RFC,MIDATL,DPL,DPLCO,1943.426,False
10/15/2021 1:00:00 AM,10/14/2021 9:00:00 PM,RFC,WEST,DUQ,DUQ,1540.900,False
10/15/2021 1:00:00 AM,10/14/2021 9:00:00 PM,RFC,MIDATL,DPL,EASTON,25.710,False
10/15/2021 1:00:00 AM,10/14/2021 9:00:00 PM,SERC,WEST,EKPC,EKPC,1535.874,False
10/15/2021 1:00:00 AM,10/14/2021 9:00:00 PM,RFC,MIDATL,JC,JC,2640.249,False
10/15/2021 1:00:00 AM,10/14/2021 9:00:00 PM,RFC,MIDATL,ME,ME,1733.198,False
10/15/2021 1:00:00 AM,10/14/2021 9:00:00 PM,RFC,WEST,ATSI,OE,7700.009,True
10/15/2021 1:00:00 AM,10/14/2021 9:00:00 PM,RFC,WEST,OVEC,OVEC,21.000,False
10/15/2021 1:00:00 AM,10/14/2021 9:00:00 PM,RFC,WEST,ATSI,PAPWR,610.227,False
10/15/2021 1:00:00 AM,10/14/2021 9:00:00 PM,RFC,MIDATL,PE,PE,4301.151,False
10/15/2021 1:00:00 AM,10/14/2021 9:00:00 PM,RFC,MIDATL,PEP,PEPCO,2748.534,False
10/15/2021 1:00:00 AM,10/14/2021 9:00:00 PM,RFC,MIDATL,PL,PLCO,4262.360,False
10/15/2021 1:00:00 AM,10/14/2021 9:00:00 PM,RFC,MIDATL,PN,PN,1952.362,False
10/15/2021 1:00:00 AM,10/14/2021 9:00:00 PM,RFC,MIDATL,PS,PS,5041.037,False
10/15/2021 1:00:00 AM,10/14/2021 9:00:00 PM,RFC,MIDATL,RECO,RECO,164.234,False
10/15/2021 1:00:00 AM,10/14/2021 9:00:00 PM,RFC,MIDATL,PEP,SMECO,375.101,False
10/15/2021 1:00:00 AM,10/14/2021 9:00:00 PM,RFC,MIDATL,PL,UGI,110.085,False
10/15/2021 1:00:00 AM,10/14/2021 9:00:00 PM,RFC,MIDATL,AE,VMEU,84.957,False
10/15/2021 1:00:00 AM,10/14/2021 9:00:00 PM,RTO,RTO,RTO,RTO,89458.118,False
10/15/2021 2:00:00 AM,10/14/2021 10:00:00 PM,RFC,MIDATL,AE,AECO,1020.810,False
10/15/2021 2:00:00 AM,10/14/2021 10:00:00 PM,RFC,WEST,AEP,AEPAPT,3978.166,True
10/15/2021 2:00:00 AM,10/14/2021 10:00:00 PM,RFC,WEST,AEP,AEPIMP,2925.851,True
10/15/2021 2:00:00 AM,10/14/2021 10:00:00 PM,RFC,WEST,AEP,AEPKPT,506.788,True
10/15/2021 2:00:00 AM,10/14/2021 10:00:00 PM,RFC,WEST,AEP,AEPOPT,6580.145,True
10/15/2021 2:00:00 AM,10/14/2021 10:00:00 PM,RFC,WEST,AP,AP,4970.738,True
10/15/2021 2:00:00 AM,10/14/2021 10:00:00 PM,RFC,MIDATL,BC,BC,3157.620,False
10/15/2021 2:00:00 AM,10/14/2021 10:00:00 PM,RFC,WEST,CE,CE,9885.856,True
10/15/2021 2:00:00 AM,10/14/2021 10:00:00 PM,RFC,WEST,DAY,DAY,2015.000,False
10/15/2021 2:00:00 AM,10/14/2021 10:00:00 PM,RFC,WEST,DEOK,DEOK,3180.779,False
10/15/2021 2:00:00 AM,10/14/2021 10:00:00 PM,SERC,SOUTH,DOM,DOM,11247.684,False
10/15/2021 2:00:00 AM,10/14/2021 10:00:00 PM,RFC,MIDATL,DPL,DPLCO,1797.965,False
10/15/2021 2:00:00 AM,10/14/2021 10:00:00 PM,RFC,WEST,DUQ,DUQ,1457.085,False
10/15/2021 2:00:00 AM,10/14/2021 10:00:00 PM,RFC,MIDATL,DPL,EASTON,23.125,False
10/15/2021 2:00:00 AM,10/14/2021 10:00:00 PM,SERC,WEST,EKPC,EKPC,1425.094,False
10/15/2021 2:00:00 AM,10/14/2021 10:00:00 PM,RFC,MIDATL,JC,JC,2383.925,False
10/15/2021 2:00:00 AM,10/14/2021 10:00:00 PM,RFC,MIDATL,ME,ME,1629.249,False
10/15/2021 2:00:00 AM,10/14/2021 10:00:00 PM,RFC,WEST,ATSI,OE,7208.122,True
10/15/2021 2:00:00 AM,10/14/2021 10:00:00 PM,RFC,WEST,OVEC,OVEC,27.000,False
10/15/2021 2:00:00 AM,10/14/2021 10:00:00 PM,RFC,WEST,ATSI,PAPWR,568.601,False
10/15/2021 2:00:00 AM,10/14/2021 10:00:00 PM,RFC,MIDATL,PE,PE,3952.177,False
10/15/2021 2:00:00 AM,10/14/2021 10:00:00 PM,RFC,MIDATL,PEP,PEPCO,2582.662,False
10/15/2021 2:00:00 AM,10/14/2021 10:00:00 PM,RFC,MIDATL,PL,PLCO,3972.263,False
10/15/2021 2:00:00 AM,10/14/2021 10:00:00 PM,RFC,MIDATL,PN,PN,1825.121,False
10/15/2021 2:00:00 AM,10/14/2021 10:00:00 PM,RFC,MIDATL,PS,PS,4723.511,False
10/15/2021 2:00:00 AM,10/14/2021 10:00:00 PM,RFC,MIDATL,RECO,RECO,150.709,False
10/15/2021 2:00:00 AM,10/14/2021 10:00:00 PM,RFC,MIDATL,PEP,SMECO,332.163,False
10/15/2021 2:00:00 AM,10/14/2021 10:00:00 PM,RFC,MIDATL,PL,UGI,101.243,False
10/15/2021 2:00:00 AM,10/14/2021 10:00:00 PM,RFC,MIDATL,AE,VMEU,79.069,False
10/15/2021 2:00:00 AM,10/14/2021 10:00:00 PM,RTO,RTO,RTO,RTO,83708.521,False
10/15/2021 3:00:00 AM,10/14/2021 11:00:00 PM,RFC,MIDATL,AE,AECO,926.068,False
10/15/2021 3:00:00 AM,10/14/2021 11:00:00 PM,RFC,WEST,AEP,AEPAPT,3720.638,True
10/15/2021 3:00:00 AM,10/14/2021 11:00:00 PM,RFC,WEST,AEP,AEPIMP,2815.237,True
10/15/2021 3:00:00 AM,10/14/2021 11:00:00 PM,RFC,WEST,AEP,AEPKPT,462.853,True
10/15/2021 3:00:00 AM,10/14/2021 11:00:00 PM,RFC,WEST,AEP,AEPOPT,6206.177,True
10/15/2021 3:00:00 AM,10/14/2021 11:00:00 PM,RFC,WEST,AP,AP,4641.452,True
10/15/2021 3:00:00 AM,10/14/2021 11:00:00 PM,RFC,MIDATL,BC,BC,2892.166,False
10/15/2021 3:00:00 AM,10/14/2021 11:00:00 PM,RFC,WEST,CE,CE,9279.065,True
10/15/2021 3:00:00 AM,10/14/2021 11:00:00 PM,RFC,WEST,DAY,DAY,1889.000,False
10/15/2021 3:00:00 AM,10/14/2021 11:00:00 PM,RFC,WEST,DEOK,DEOK,2955.073,False
10/15/2021 3:00:00 AM,10/14/2021 11:00:00 PM,SERC,SOUTH,DOM,DOM,10464.611,False
10/15/2021 3:00:00 AM,10/14/2021 11:00:00 PM,RFC,MIDATL,DPL,DPLCO,1646.116,False
10/15/2021 3:00:00 AM,10/14/2021 11:00:00 PM,RFC,WEST,DUQ,DUQ,1375.222,False
10/15/2021 3:00:00 AM,10/14/2021 11:00:00 PM,RFC,MIDATL,DPL,EASTON,21.093,False
10/15/2021 3:00:00 AM,10/14/2021 11:00:00 PM,SERC,WEST,EKPC,EKPC,1254.382,False
10/15/2021 3:00:00 AM,10/14/2021 11:00:00 PM,RFC,MIDATL,JC,JC,2135.010,False
10/15/2021 3:00:00 AM,10/14/2021 11:00:00 PM,RFC,MIDATL,ME,ME,1503.546,False
10/15/2021 3:00:00 AM,10/14/2021 11:00:00 PM,RFC,WEST,ATSI,OE,6764.033,True
10/15/2021 3:00:00 AM,10/14/2021 11:00:00 PM,RFC,WEST,OVEC,OVEC,21.000,False
10/15/2021 3:00:00 AM,10/14/2021 11:00:00 PM,RFC,WEST,ATSI,PAPWR,528.933,False
10/15/2021 3:00:00 AM,10/14/2021 11:00:00 PM,RFC,MIDATL,PE,PE,3659.553,False
10/15/2021 3:00:00 AM,10/14/2021 11:00:00 PM,RFC,MIDATL,PEP,PEPCO,2423.722,False
10/15/2021 3:00:00 AM,10/14/2021 11:00:00 PM,RFC,MIDATL,PL,PLCO,3733.715,False
10/15/2021 3:00:00 AM,10/14/2021 11:00:00 PM,RFC,MIDATL,PN,PN,1719.631,False
10/15/2021 3:00:00 AM,10/14/2021 11:00:00 PM,RFC,MIDATL,PS,PS,4380.430,False
10/15/2021 3:00:00 AM,10/14/2021 11:00:00 PM,RFC,MIDATL,RECO,RECO,137.107,False
10/15/2021 3:00:00 AM,10/14/2021 11:00:00 PM,RFC,MIDATL,PEP,SMECO,293.915,False
10/15/2021 3:00:00 AM,10/14/2021 11:00:00 PM,RFC,MIDATL,PL,UGI,89.240,False
10/15/2021 3:00:00 AM,10/14/2021 11:00:00 PM,RFC,MIDATL,AE,VMEU,73.670,False
10/15/2021 3:00:00 AM,10/14/2021 11:00:00 PM,RTO,RTO,RTO,RTO,78012.658,False
